contratoconvenio_saida;numero_empenho;data_registro_doc_empenho;razao_social_credor;cnpj_cpf_credor_formatado;unidade_orcamentaria_sigla;unidade_orcamentaria_codigo;unidade_orcamentaria_nome;elemento_despesa_codigo;elemento_despesa_descricao;item_despesa_codigo;item_despesa_descricao;fonte_recurso_codigo;fonte_recurso_descricao;valor_despesa_liquidada;valor_pago_processado;valor_pago_nao_processado
9041311;178;2017-11-06 00:00:00;PM ESMERALDAS;18.715.466/0001-39;SEE;1261;SECRETARIA DE ESTADO DE EDUCACAO;41;CONTRIBUICOES;1;CONTRIBUICOES;71;RECURSOS DO FUNDO ESTADUAL DE ERRADICACAO DA MISERIA;0,0;0,0;0,0
9071903;74;2016-06-28 00:00:00;PM INHAUMA;18.116.152/0001-10;SEJUSP;1451;SECRETARIA DE ESTADO DE JUSTICA E SEGURANCA PUBLICA;42;AUXILIOS;1;AUXILIOS;10;RECURSOS ORDINARIOS;0,0;0,0;0,0
9072664;556;2016-07-01 00:00:00;PM PARA DE MINAS;18.313.817/0001-85;FES;4291;FUNDO ESTADUAL DE SAUDE;42;AUXILIOS;1;AUXILIOS;10;RECURSOS ORDINARIOS;0,0;0,0;0,0
9072832;914;2016-11-09 00:00:00;PM SANTOS DUMONT;17.747.924/0001-59;SEINFRA;1301;SECRETARIA DE ESTADO DE INFRAESTRUTURA, MOBILIDADE E PARCERIAS;42;AUXILIOS;1;AUXILIOS;10;RECURSOS ORDINARIOS;0,0;0,0;0,0
9143486;88;2017-07-12 00:00:00;UNIVERSIDADE FEDERAL DE MINAS GERAIS;17.217.985/0001-04;SEE;1261;SECRETARIA DE ESTADO DE EDUCACAO;42;AUXILIOS;1;AUXILIOS;10;RECURSOS ORDINARIOS;0,0;0,0;0,0
9176558;120;2017-12-28 00:00:00;PM SETE LAGOAS;24.996.969/0001-22;SEJUSP;1451;SECRETARIA DE ESTADO DE JUSTICA E SEGURANCA PUBLICA;42;AUXILIOS;1;AUXILIOS;10;RECURSOS ORDINARIOS;0,0;0,0;0,0
9176575;121;2017-12-28 00:00:00;PM JABOTICATUBAS;18.715.417/0001-04;SEJUSP;1451;SECRETARIA DE ESTADO DE JUSTICA E SEGURANCA PUBLICA;42;AUXILIOS;1;AUXILIOS;10;RECURSOS ORDINARIOS;0,0;0,0;0,0
9317508;346;2023-12-28 00:00:00;PM PATOS DE MINAS;18.602.011/0001-07;SEDE;1221;SECRETARIA DE ESTADO DE DESENVOLVIMENTO ECONOMICO;41;CONTRIBUICOES;1;CONTRIBUICOES;32;EXPLORACAO DE RECURSOS MINERAIS;0,0;0,0;0,0
9318129;148;2025-12-24 00:00:00;GRUPO SALVA VIDAS;23.098.718/0003-20;SEJUSP;1451;SECRETARIA DE ESTADO DE JUSTICA E SEGURANCA PUBLICA;43;SUBVENCOES SOCIAIS;1;SUBVENCOES SOCIAIS;10;RECURSOS ORDINARIOS - RECURSOS NAO VINCULADOS DE IMPOSTOS;0,0;13475,28;0,0
9318468;350;2023-12-29 00:00:00;PM ESMERALDAS;18.715.466/0001-39;SEDE;1221;SECRETARIA DE ESTADO DE DESENVOLVIMENTO ECONOMICO;41;CONTRIBUICOES;1;CONTRIBUICOES;32;EXPLORACAO DE RECURSOS MINERAIS;0,0;0,0;0,0
9318616;99;2025-11-07 00:00:00;ASSOCIACAO TEMPLO DE ISRAEL;11.423.964/0001-69;SEJUSP;1451;SECRETARIA DE ESTADO DE JUSTICA E SEGURANCA PUBLICA;43;SUBVENCOES SOCIAIS;1;SUBVENCOES SOCIAIS;10;RECURSOS ORDINARIOS - RECURSOS NAO VINCULADOS DE IMPOSTOS;0,0;44343,62;0,0
9318875;607;2021-12-30 00:00:00;ASSOCIACAO ACONCHEGO - LAR PARA IDOSOS;30.276.755/0001-84;SEDESE;1481;SECRETARIA DE ESTADO DE DESENVOLVIMENTO SOCIAL;42;AUXILIOS;1;AUXILIOS;10;RECURSOS ORDINARIOS;0,0;0,0;0,0
9321243;74;2025-04-15 00:00:00;ASSOC. DE PROT. E ASSIST. AOS CONENADOS DE S. J. DEL REI FEM.;21.325.027/0001-24;SEJUSP;1451;SECRETARIA DE ESTADO DE JUSTICA E SEGURANCA PUBLICA;43;SUBVENCOES SOCIAIS;1;SUBVENCOES SOCIAIS;60;RECURSOS DIRETAMENTE ARRECADADOS;0,0;189868,15;0,0
9341995;118;2022-06-28 00:00:00;PM CURVELO;17.695.024/0001-05;SEE;1261;SECRETARIA DE ESTADO DE EDUCACAO;42;AUXILIOS;1;AUXILIOS;21;COTA ESTADUAL DO SALARIO EDUCACAO - QESE;0,0;0,0;0,0
9342370;5732;2022-06-29 00:00:00;PM DELTA;01.020.881/0001-75;SEGOV;1491;SECRETARIA DE ESTADO DE GOVERNO;42;AUXILIOS;1;AUXILIOS;10;RECURSOS ORDINARIOS;0,0;0,0;0,0
9342458;1211;2024-04-18 00:00:00;PM PIEDADE DOS GERAIS;18.363.960/0001-81;SEE;1261;SECRETARIA DE ESTADO DE EDUCACAO;42;AUXILIOS;1;AUXILIOS;10;RECURSOS ORDINARIOS - RECURSOS NAO VINCULADOS DE IMPOSTOS;0,0;0,0;0,0
9342461;1214;2024-04-26 00:00:00;PM UBA;18.128.207/0001-01;SEE;1261;SECRETARIA DE ESTADO DE EDUCACAO;42;AUXILIOS;1;AUXILIOS;10;RECURSOS ORDINARIOS - RECURSOS NAO VINCULADOS DE IMPOSTOS;0,0;0,0;0,0
9342462;181;2022-12-07 00:00:00;PM SAO SEBASTIAO DO PARAISO;18.241.349/0001-80;SEE;1261;SECRETARIA DE ESTADO DE EDUCACAO;42;AUXILIOS;1;AUXILIOS;10;RECURSOS ORDINARIOS;0,0;0,0;0,0
9346301;33;2023-07-27 00:00:00;UNIVERSIDADE FEDERAL DE OURO PRETO;23.070.659/0001-10;SEE;1261;SECRETARIA DE ESTADO DE EDUCACAO;42;AUXILIOS;1;AUXILIOS;10;RECURSOS ORDINARIOS - RECURSOS NAO VINCULADOS DE IMPOSTOS;0,0;0,0;0,0
9346306;120;2022-10-14 00:00:00;UNIVERSIDADE FEDERAL DE OURO PRETO;23.070.659/0001-10;SEE;1261;SECRETARIA DE ESTADO DE EDUCACAO;42;AUXILIOS;1;AUXILIOS;10;RECURSOS ORDINARIOS;0,0;0,0;0,0
9371211;5929;2022-12-28 00:00:00;PM ARAPORA;23.098.510/0001-49;SEGOV;1491;SECRETARIA DE ESTADO DE GOVERNO;42;AUXILIOS;1;AUXILIOS;10;RECURSOS ORDINARIOS;0,0;0,0;0,0
9392905;2230;2023-08-25 00:00:00;PM JEQUITAI;18.279.083/0001-65;SEGOV;1491;SECRETARIA DE ESTADO DE GOVERNO;42;AUXILIOS;1;AUXILIOS;15;RECURSOS ORDINARIOS - OUTROS RECURSOS NAO VINCULADOS;0,0;0,0;0,0
9396439;2425;2023-10-09 00:00:00;PM NOVA MODICA;18.404.939/0001-87;SEGOV;1491;SECRETARIA DE ESTADO DE GOVERNO;42;AUXILIOS;1;AUXILIOS;15;RECURSOS ORDINARIOS - OUTROS RECURSOS NAO VINCULADOS;0,0;0,0;0,0
9400378;345;2023-12-28 00:00:00;PM POMPEU;18.296.681/0001-42;SEDE;1221;SECRETARIA DE ESTADO DE DESENVOLVIMENTO ECONOMICO;41;CONTRIBUICOES;1;CONTRIBUICOES;32;EXPLORACAO DE RECURSOS MINERAIS;0,0;0,0;0,0
9402562;343;2023-12-28 00:00:00;PM OURO VERDE DE MINAS;18.404.947/0001-23;SEDE;1221;SECRETARIA DE ESTADO DE DESENVOLVIMENTO ECONOMICO;41;CONTRIBUICOES;1;CONTRIBUICOES;32;EXPLORACAO DE RECURSOS MINERAIS;237983,76;0,0;237983,76
9402563;339;2023-12-28 00:00:00;PM CAMANDUCAIA;17.935.396/0001-61;SEDE;1221;SECRETARIA DE ESTADO DE DESENVOLVIMENTO ECONOMICO;41;CONTRIBUICOES;1;CONTRIBUICOES;32;EXPLORACAO DE RECURSOS MINERAIS;0,0;0,0;0,0
9405820;263;2025-11-03 00:00:00;PM MONJOLOS;17.754.169/0001-30;SEDE;1221;SECRETARIA DE ESTADO DE DESENVOLVIMENTO ECONOMICO;41;CONTRIBUICOES;1;CONTRIBUICOES;32;EXPLORACAO DE RECURSOS MINERAIS;0,0;0,0;0,0
9405878;1215;2024-04-26 00:00:00;PM PIRAPORA;23.539.463/0001-21;SEE;1261;SECRETARIA DE ESTADO DE EDUCACAO;42;AUXILIOS;1;AUXILIOS;10;RECURSOS ORDINARIOS - RECURSOS NAO VINCULADOS DE IMPOSTOS;0,0;0,0;0,0
9405934;828;2024-12-30 00:00:00;CONSORCIO INTERMUNICIPAL MULTIFINALITARIO PARA O DESENVOLVIMENTO AMBIE;19.193.527/0001-08;SEMAD;1371;SECRETARIA DE ESTADO DE MEIO AMBIENTE E DESENVOLVIMENTO SUSTENTAVEL;41;CONTRIBUICOES;1;CONTRIBUICOES;10;RECURSOS ORDINARIOS - RECURSOS NAO VINCULADOS DE IMPOSTOS;0,0;0,0;0,0
9406421;342;2023-12-28 00:00:00;PM CATUGI;26.218.636/0001-06;SEDE;1221;SECRETARIA DE ESTADO DE DESENVOLVIMENTO ECONOMICO;41;CONTRIBUICOES;1;CONTRIBUICOES;32;EXPLORACAO DE RECURSOS MINERAIS;92736,0;0,0;92736,0
9406422;340;2023-12-28 00:00:00;PM CAMPOS GERAIS;18.245.175/0001-24;SEDE;1221;SECRETARIA DE ESTADO DE DESENVOLVIMENTO ECONOMICO;41;CONTRIBUICOES;1;CONTRIBUICOES;32;EXPLORACAO DE RECURSOS MINERAIS;0,0;0,0;0,0
9407390;336;2023-12-27 00:00:00;PM CARANDAI;18.094.797/0001-07;SEDE;1221;SECRETARIA DE ESTADO DE DESENVOLVIMENTO ECONOMICO;41;CONTRIBUICOES;1;CONTRIBUICOES;32;EXPLORACAO DE RECURSOS MINERAIS;0,0;0,0;0,0
9408030;813;2023-12-28 00:00:00;PM ABAETE;18.296.632/0001-00;SEINFRA;1301;SECRETARIA DE ESTADO DE INFRAESTRUTURA, MOBILIDADE E PARCERIAS;42;AUXILIOS;1;AUXILIOS;95;RECURSOS RECEBIDOS POR DANOS ADVINDOS DE DESASTRES SOCIOAMBIENTAIS;0,0;0,0;0,0
9408084;337;2023-12-28 00:00:00;PM CAETE;18.302.299/0001-02;SEDE;1221;SECRETARIA DE ESTADO DE DESENVOLVIMENTO ECONOMICO;41;CONTRIBUICOES;1;CONTRIBUICOES;32;EXPLORACAO DE RECURSOS MINERAIS;0,0;0,0;0,0
9408340;270;2025-11-10 00:00:00;PM RIO PARDO DE MINAS;24.212.862/0001-46;SEDE;1221;SECRETARIA DE ESTADO DE DESENVOLVIMENTO ECONOMICO;41;CONTRIBUICOES;1;CONTRIBUICOES;32;EXPLORACAO DE RECURSOS MINERAIS;0,0;0,0;0,0
9408340;349;2023-12-29 00:00:00;PM RIO PARDO DE MINAS;24.212.862/0001-46;SEDE;1221;SECRETARIA DE ESTADO DE DESENVOLVIMENTO ECONOMICO;41;CONTRIBUICOES;1;CONTRIBUICOES;32;EXPLORACAO DE RECURSOS MINERAIS;1739570,34;0,0;1739570,34
9408340;353;2023-12-29 00:00:00;PM RIO PARDO DE MINAS;24.212.862/0001-46;SEDE;1221;SECRETARIA DE ESTADO DE DESENVOLVIMENTO ECONOMICO;41;CONTRIBUICOES;1;CONTRIBUICOES;10;RECURSOS ORDINARIOS - RECURSOS NAO VINCULADOS DE IMPOSTOS;0,0;0,0;0,0
9408341;258;2025-10-20 00:00:00;CONSORCIO INTERM. MULTIF. DO BAIXO JEQUITINHONHA;07.306.549/0001-58;SEDE;1221;SECRETARIA DE ESTADO DE DESENVOLVIMENTO ECONOMICO;41;CONTRIBUICOES;1;CONTRIBUICOES;32;EXPLORACAO DE RECURSOS MINERAIS;0,0;0,0;0,0
9408562;2714;2023-12-29 00:00:00;PM SAO JOAO DA PONTE;16.928.483/0001-29;SEGOV;1491;SECRETARIA DE ESTADO DE GOVERNO;42;AUXILIOS;1;AUXILIOS;15;RECURSOS ORDINARIOS - OUTROS RECURSOS NAO VINCULADOS;0,0;0,0;0,0
9408568;356;2023-12-29 00:00:00;PM SABARA;18.715.441/0001-35;SEDE;1221;SECRETARIA DE ESTADO DE DESENVOLVIMENTO ECONOMICO;41;CONTRIBUICOES;1;CONTRIBUICOES;10;RECURSOS ORDINARIOS - RECURSOS NAO VINCULADOS DE IMPOSTOS;0,0;0,0;0,0
9408569;355;2023-12-29 00:00:00;PM NOVO ORIENTE DE MINAS;01.613.373/0001-09;SEDE;1221;SECRETARIA DE ESTADO DE DESENVOLVIMENTO ECONOMICO;41;CONTRIBUICOES;1;CONTRIBUICOES;32;EXPLORACAO DE RECURSOS MINERAIS;289800,0;0,0;289800,0
9408581;2716;2023-12-29 00:00:00;PM ALPINOPOLIS;18.241.752/0001-00;SEGOV;1491;SECRETARIA DE ESTADO DE GOVERNO;42;AUXILIOS;1;AUXILIOS;15;RECURSOS ORDINARIOS - OUTROS RECURSOS NAO VINCULADOS;0,0;0,0;0,0
9424299;3616;2024-04-25 00:00:00;PM ALTO CAPARAO;01.616.270/0001-94;SEGOV;1491;SECRETARIA DE ESTADO DE GOVERNO;42;AUXILIOS;1;AUXILIOS;15;RECURSOS ORDINARIOS - OUTROS RECURSOS NAO VINCULADOS;500000,0;0,0;500000,0
9425238;3639;2024-05-07 00:00:00;PM SIMAO PEREIRA;18.338.293/0001-87;SEGOV;1491;SECRETARIA DE ESTADO DE GOVERNO;42;AUXILIOS;1;AUXILIOS;15;RECURSOS ORDINARIOS - OUTROS RECURSOS NAO VINCULADOS;0,0;0,0;0,0
9428894;3732;2024-06-03 00:00:00;PM ESTRELA DALVA;17.710.096/0001-84;SEGOV;1491;SECRETARIA DE ESTADO DE GOVERNO;42;AUXILIOS;1;AUXILIOS;15;RECURSOS ORDINARIOS - OUTROS RECURSOS NAO VINCULADOS;0,0;0,0;0,0
9429692;3757;2024-06-12 00:00:00;PM SANTA MARGARIDA;18.385.112/0001-73;SEGOV;1491;SECRETARIA DE ESTADO DE GOVERNO;42;AUXILIOS;1;AUXILIOS;15;RECURSOS ORDINARIOS - OUTROS RECURSOS NAO VINCULADOS;0,0;0,0;0,0
9429696;3760;2024-06-12 00:00:00;PM CANA VERDE;18.244.426/0001-56;SEGOV;1491;SECRETARIA DE ESTADO DE GOVERNO;42;AUXILIOS;1;AUXILIOS;15;RECURSOS ORDINARIOS - OUTROS RECURSOS NAO VINCULADOS;0,0;0,0;0,0
9429769;3769;2024-06-13 00:00:00;PM PERIQUITO;01.613.077/0001-08;SEGOV;1491;SECRETARIA DE ESTADO DE GOVERNO;42;AUXILIOS;1;AUXILIOS;15;RECURSOS ORDINARIOS - OUTROS RECURSOS NAO VINCULADOS;0,0;0,0;0,0
9429774;3768;2024-06-13 00:00:00;PM CARANGOLA;19.279.827/0001-04;SEGOV;1491;SECRETARIA DE ESTADO DE GOVERNO;42;AUXILIOS;1;AUXILIOS;15;RECURSOS ORDINARIOS - OUTROS RECURSOS NAO VINCULADOS;0,0;0,0;0,0
9429865;3781;2024-06-18 00:00:00;PM CARANGOLA;19.279.827/0001-04;SEGOV;1491;SECRETARIA DE ESTADO DE GOVERNO;42;AUXILIOS;1;AUXILIOS;15;RECURSOS ORDINARIOS - OUTROS RECURSOS NAO VINCULADOS;0,0;0,0;0,0
9430025;3791;2024-06-18 00:00:00;PM SIMAO PEREIRA;18.338.293/0001-87;SEGOV;1491;SECRETARIA DE ESTADO DE GOVERNO;42;AUXILIOS;1;AUXILIOS;15;RECURSOS ORDINARIOS - OUTROS RECURSOS NAO VINCULADOS;0,0;0,0;0,0
9430034;3789;2024-06-18 00:00:00;PM SIMAO PEREIRA;18.338.293/0001-87;SEGOV;1491;SECRETARIA DE ESTADO DE GOVERNO;42;AUXILIOS;1;AUXILIOS;15;RECURSOS ORDINARIOS - OUTROS RECURSOS NAO VINCULADOS;0,0;0,0;0,0
9430086;3806;2024-06-21 00:00:00;PM RIO NOVO;18.338.244/0001-44;SEGOV;1491;SECRETARIA DE ESTADO DE GOVERNO;42;AUXILIOS;1;AUXILIOS;15;RECURSOS ORDINARIOS - OUTROS RECURSOS NAO VINCULADOS;0,0;0,0;0,0
9430585;3842;2024-07-01 00:00:00;PM ALMENARA;18.349.894/0001-95;SEGOV;1491;SECRETARIA DE ESTADO DE GOVERNO;42;AUXILIOS;1;AUXILIOS;15;RECURSOS ORDINARIOS - OUTROS RECURSOS NAO VINCULADOS;666666,66;0,0;666666,66
9430599;3851;2024-07-01 00:00:00;PM CAETE;18.302.299/0001-02;SEGOV;1491;SECRETARIA DE ESTADO DE GOVERNO;42;AUXILIOS;1;AUXILIOS;15;RECURSOS ORDINARIOS - OUTROS RECURSOS NAO VINCULADOS;0,0;1666666,66;0,0
9430712;3883;2024-07-01 00:00:00;PM ARAPORA;23.098.510/0001-49;SEGOV;1491;SECRETARIA DE ESTADO DE GOVERNO;42;AUXILIOS;1;AUXILIOS;15;RECURSOS ORDINARIOS - OUTROS RECURSOS NAO VINCULADOS;0,0;0,0;0,0
9430719;3894;2024-07-01 00:00:00;PM SIMAO PEREIRA;18.338.293/0001-87;SEGOV;1491;SECRETARIA DE ESTADO DE GOVERNO;42;AUXILIOS;1;AUXILIOS;15;RECURSOS ORDINARIOS - OUTROS RECURSOS NAO VINCULADOS;0,0;0,0;0,0
9430784;225;2024-07-02 00:00:00;PM CORREGO FUNDO;01.614.862/0001-77;SEDE;1221;SECRETARIA DE ESTADO DE DESENVOLVIMENTO ECONOMICO;41;CONTRIBUICOES;1;CONTRIBUICOES;32;EXPLORACAO DE RECURSOS MINERAIS;0,0;0,0;0,0
9430785;222;2024-07-02 00:00:00;PM PAI PEDRO;01.612.479/0001-80;SEDE;1221;SECRETARIA DE ESTADO DE DESENVOLVIMENTO ECONOMICO;41;CONTRIBUICOES;1;CONTRIBUICOES;10;RECURSOS ORDINARIOS - RECURSOS NAO VINCULADOS DE IMPOSTOS;0,0;0,0;0,0
9430795;224;2024-07-02 00:00:00;PM BRUMADINHO;18.363.929/0001-40;SEDE;1221;SECRETARIA DE ESTADO DE DESENVOLVIMENTO ECONOMICO;41;CONTRIBUICOES;1;CONTRIBUICOES;10;RECURSOS ORDINARIOS - RECURSOS NAO VINCULADOS DE IMPOSTOS;0,0;0,0;0,0
9430828;223;2024-07-02 00:00:00;PM PARACATU;18.278.051/0001-45;SEDE;1221;SECRETARIA DE ESTADO DE DESENVOLVIMENTO ECONOMICO;41;CONTRIBUICOES;1;CONTRIBUICOES;32;EXPLORACAO DE RECURSOS MINERAIS;243180,01;0,0;243180,01
9430848;226;2024-07-03 00:00:00;PM LADAINHA;18.404.863/0001-90;SEDE;1221;SECRETARIA DE ESTADO DE DESENVOLVIMENTO ECONOMICO;41;CONTRIBUICOES;1;CONTRIBUICOES;32;EXPLORACAO DE RECURSOS MINERAIS;216666,15;0,0;216666,15
9430849;227;2024-07-03 00:00:00;PM DIAMANTINA;17.754.136/0001-90;SEDE;1221;SECRETARIA DE ESTADO DE DESENVOLVIMENTO ECONOMICO;41;CONTRIBUICOES;1;CONTRIBUICOES;32;EXPLORACAO DE RECURSOS MINERAIS;0,0;0,0;0,0
9430855;3906;2024-07-03 00:00:00;PM BURITIZEIRO;18.279.067/0001-72;SEGOV;1491;SECRETARIA DE ESTADO DE GOVERNO;42;AUXILIOS;1;AUXILIOS;15;RECURSOS ORDINARIOS - OUTROS RECURSOS NAO VINCULADOS;0,0;0,0;0,0
9430857;3907;2024-07-03 00:00:00;PM SABARA;18.715.441/0001-35;SEGOV;1491;SECRETARIA DE ESTADO DE GOVERNO;42;AUXILIOS;1;AUXILIOS;15;RECURSOS ORDINARIOS - OUTROS RECURSOS NAO VINCULADOS;0,0;0,0;0,0
9430887;347;2025-08-12 00:00:00;PM SANTA LUZIA;18.715.409/0001-50;SEINFRA;1301;SECRETARIA DE ESTADO DE INFRAESTRUTURA, MOBILIDADE E PARCERIAS;42;AUXILIOS;1;AUXILIOS;10;RECURSOS ORDINARIOS - RECURSOS NAO VINCULADOS DE IMPOSTOS;0,0;0,0;0,0
9433587;283;2025-06-17 00:00:00;PM UBA;18.128.207/0001-01;SEINFRA;1301;SECRETARIA DE ESTADO DE INFRAESTRUTURA, MOBILIDADE E PARCERIAS;42;AUXILIOS;1;AUXILIOS;10;RECURSOS ORDINARIOS - RECURSOS NAO VINCULADOS DE IMPOSTOS;0,0;3458926,5;0,0
9447295;26;2024-12-26 00:00:00;PM CATAGUASES;17.702.499/0001-81;SEDESE;1481;SECRETARIA DE ESTADO DE DESENVOLVIMENTO SOCIAL;42;AUXILIOS;1;AUXILIOS;15;RECURSOS ORDINARIOS - OUTROS RECURSOS NAO VINCULADOS;0,0;0,0;0,0
9447299;279;2025-06-17 00:00:00;PM CATAGUASES;17.702.499/0001-81;SEINFRA;1301;SECRETARIA DE ESTADO DE INFRAESTRUTURA, MOBILIDADE E PARCERIAS;42;AUXILIOS;1;AUXILIOS;10;RECURSOS ORDINARIOS - RECURSOS NAO VINCULADOS DE IMPOSTOS;0,0;0,0;0,0
9447316;55;2024-12-26 00:00:00;APJ APRENDER PRODUZIR JUNTOS;22.057.335/0001-89;SEDESE;1481;SECRETARIA DE ESTADO DE DESENVOLVIMENTO SOCIAL;43;SUBVENCOES SOCIAIS;1;SUBVENCOES SOCIAIS;71;RECURSOS DO FUNDO ESTADUAL DE ERRADICACAO DA MISERIA;0,0;3068948,99;0,0
9450571;138;2025-05-23 00:00:00;PM SAO ROQUE DE MINAS;18.306.670/0001-04;SEAPA;1231;SECRETARIA DE ESTADO DE AGRICULTURA, PECUARIA E ABASTECIMENTO;41;CONTRIBUICOES;1;CONTRIBUICOES;15;RECURSOS ORDINARIOS - OUTROS RECURSOS NAO VINCULADOS;0,0;0,0;0,0
9468198;3621;2025-06-03 00:00:00;PM MACHADO;18.242.784/0001-20;SEGOV;1491;SECRETARIA DE ESTADO DE GOVERNO;42;AUXILIOS;1;AUXILIOS;15;RECURSOS ORDINARIOS - OUTROS RECURSOS NAO VINCULADOS;0,0;104278,35;0,0
9470578;286;2025-12-12 00:00:00;MGI MINAS GERAIS PARTICIPACOES S.A;19.296.342/0001-29;SEDE;1221;SECRETARIA DE ESTADO DE DESENVOLVIMENTO ECONOMICO;41;CONTRIBUICOES;1;CONTRIBUICOES;10;RECURSOS ORDINARIOS - RECURSOS NAO VINCULADOS DE IMPOSTOS;0,0;0,0;0,0
9484076;3810;2025-11-14 00:00:00;PM SALTO DA DIVISA;18.347.401/0001-88;SEGOV;1491;SECRETARIA DE ESTADO DE GOVERNO;42;AUXILIOS;1;AUXILIOS;15;RECURSOS ORDINARIOS - OUTROS RECURSOS NAO VINCULADOS;0,0;0,0;0,0
9485363;595;2025-12-29 00:00:00;PM CAPITAO ANDRADE;66.229.105/0001-25;SEAPA;1231;SECRETARIA DE ESTADO DE AGRICULTURA, PECUARIA E ABASTECIMENTO;41;CONTRIBUICOES;1;CONTRIBUICOES;15;RECURSOS ORDINARIOS - OUTROS RECURSOS NAO VINCULADOS;482323,14;0,0;482323,14
9490867;462;2025-12-14 00:00:00;PM TUMIRITINGA;21.078.563/0001-72;SEAPA;1231;SECRETARIA DE ESTADO DE AGRICULTURA, PECUARIA E ABASTECIMENTO;41;CONTRIBUICOES;1;CONTRIBUICOES;15;RECURSOS ORDINARIOS - OUTROS RECURSOS NAO VINCULADOS;0,0;1000000,0;0,0
9491887;503;2025-12-19 00:00:00;PM BUGRE;01.613.126/0001-02;SEAPA;1231;SECRETARIA DE ESTADO DE AGRICULTURA, PECUARIA E ABASTECIMENTO;41;CONTRIBUICOES;1;CONTRIBUICOES;15;RECURSOS ORDINARIOS - OUTROS RECURSOS NAO VINCULADOS;0,0;2000000,0;0,0
9491893;504;2025-12-19 00:00:00;PM POCO FUNDO;18.242.792/0001-76;SEAPA;1231;SECRETARIA DE ESTADO DE AGRICULTURA, PECUARIA E ABASTECIMENTO;41;CONTRIBUICOES;1;CONTRIBUICOES;15;RECURSOS ORDINARIOS - OUTROS RECURSOS NAO VINCULADOS;0,0;854865,0;0,0
9491896;506;2025-12-19 00:00:00;PM DIVISOPOLIS;66.234.311/0001-23;SEAPA;1231;SECRETARIA DE ESTADO DE AGRICULTURA, PECUARIA E ABASTECIMENTO;41;CONTRIBUICOES;1;CONTRIBUICOES;15;RECURSOS ORDINARIOS - OUTROS RECURSOS NAO VINCULADOS;0,0;390000,0;0,0
9491899;505;2025-12-19 00:00:00;PM JABOTICATUBAS;18.715.417/0001-04;SEAPA;1231;SECRETARIA DE ESTADO DE AGRICULTURA, PECUARIA E ABASTECIMENTO;41;CONTRIBUICOES;1;CONTRIBUICOES;15;RECURSOS ORDINARIOS - OUTROS RECURSOS NAO VINCULADOS;0,0;390000,0;0,0
9492247;531;2025-12-19 00:00:00;PM VARJAO DE MINAS;01.609.780/0001-34;SEAPA;1231;SECRETARIA DE ESTADO DE AGRICULTURA, PECUARIA E ABASTECIMENTO;41;CONTRIBUICOES;1;CONTRIBUICOES;15;RECURSOS ORDINARIOS - OUTROS RECURSOS NAO VINCULADOS;0,0;386100,0;0,0
9492296;579;2025-12-25 00:00:00;PM FAMA;18.243.253/0001-51;SEAPA;1231;SECRETARIA DE ESTADO DE AGRICULTURA, PECUARIA E ABASTECIMENTO;41;CONTRIBUICOES;1;CONTRIBUICOES;10;RECURSOS ORDINARIOS - RECURSOS NAO VINCULADOS DE IMPOSTOS;0,0;0,0;0,0
9492413;759;2025-12-22 00:00:00;ASSOC. DOS DEFICIENTES VISUAIS DE SETE LAGOAS;18.272.211/0001-49;SEDESE;1481;SECRETARIA DE ESTADO DE DESENVOLVIMENTO SOCIAL;43;SUBVENCOES SOCIAIS;1;SUBVENCOES SOCIAIS;10;RECURSOS ORDINARIOS - RECURSOS NAO VINCULADOS DE IMPOSTOS;0,0;0,0;0,0
9492532;555;2025-12-24 00:00:00;PM CAMPO DO MEIO;18.239.582/0001-29;SEINFRA;1301;SECRETARIA DE ESTADO DE INFRAESTRUTURA, MOBILIDADE E PARCERIAS;42;AUXILIOS;1;AUXILIOS;15;RECURSOS ORDINARIOS - OUTROS RECURSOS NAO VINCULADOS;0,0;0,0;0,0
9492536;634;2025-12-23 00:00:00;CENTRO INTEGRADO DE DESENVOLVIMENTO DO ESPORTE PARALIMPICO;00.832.668/0001-03;SEDESE;1481;SECRETARIA DE ESTADO DE DESENVOLVIMENTO SOCIAL;43;SUBVENCOES SOCIAIS;1;SUBVENCOES SOCIAIS;38;TRANSFERENCIAS DA UNIAO VINCULADAS AO ESPORTE;0,0;99932,16;0,0
9492538;636;2025-12-23 00:00:00;LIGA IPATINGUENSE DE ESPORTES ESPECIALIZADOS;26.201.400/0001-59;SEDESE;1481;SECRETARIA DE ESTADO DE DESENVOLVIMENTO SOCIAL;43;SUBVENCOES SOCIAIS;1;SUBVENCOES SOCIAIS;38;TRANSFERENCIAS DA UNIAO VINCULADAS AO ESPORTE;0,0;99662,32;0,0
9492542;631;2025-12-23 00:00:00;PM PASSABEM;18.299.511/0001-11;SEDESE;1481;SECRETARIA DE ESTADO DE DESENVOLVIMENTO SOCIAL;41;CONTRIBUICOES;1;CONTRIBUICOES;38;TRANSFERENCIAS DA UNIAO VINCULADAS AO ESPORTE;0,0;98841,6;0,0
9492545;626;2025-12-23 00:00:00;PM SANTO ANTONIO DO RIO ABAIXO;18.303.248/0001-97;SEDESE;1481;SECRETARIA DE ESTADO DE DESENVOLVIMENTO SOCIAL;41;CONTRIBUICOES;1;CONTRIBUICOES;38;TRANSFERENCIAS DA UNIAO VINCULADAS AO ESPORTE;0,0;98849,4;0,0
9492555;628;2025-12-23 00:00:00;ASSOCIACAO DOS SURDOS DE BETIM;02.566.745/0001-48;SEDESE;1481;SECRETARIA DE ESTADO DE DESENVOLVIMENTO SOCIAL;43;SUBVENCOES SOCIAIS;1;SUBVENCOES SOCIAIS;38;TRANSFERENCIAS DA UNIAO VINCULADAS AO ESPORTE;0,0;99981,38;0,0
9492558;624;2025-12-23 00:00:00;ASSOCIACAO DOS PAIS E AMIGOS DOS EXCEPCIONAIS-;17.839.937/0001-58;SEDESE;1481;SECRETARIA DE ESTADO DE DESENVOLVIMENTO SOCIAL;43;SUBVENCOES SOCIAIS;1;SUBVENCOES SOCIAIS;38;TRANSFERENCIAS DA UNIAO VINCULADAS AO ESPORTE;0,0;100000,0;0,0
9492563;629;2025-12-23 00:00:00;ASSOCIACAO DEFICIENTES FISICOS DE UBERABA;26.040.691/0001-40;SEDESE;1481;SECRETARIA DE ESTADO DE DESENVOLVIMENTO SOCIAL;43;SUBVENCOES SOCIAIS;1;SUBVENCOES SOCIAIS;38;TRANSFERENCIAS DA UNIAO VINCULADAS AO ESPORTE;0,0;99580,26;0,0
9492565;623;2025-12-23 00:00:00;ASSOCIACAO MINEIRA DE REABILITACAO;17.221.615/0001-40;SEDESE;1481;SECRETARIA DE ESTADO DE DESENVOLVIMENTO SOCIAL;43;SUBVENCOES SOCIAIS;1;SUBVENCOES SOCIAIS;38;TRANSFERENCIAS DA UNIAO VINCULADAS AO ESPORTE;0,0;99980,64;0,0
9492576;635;2025-12-23 00:00:00;PM CONCEICAO DE IPANEMA;18.334.300/0001-72;SEDESE;1481;SECRETARIA DE ESTADO DE DESENVOLVIMENTO SOCIAL;41;CONTRIBUICOES;1;CONTRIBUICOES;38;TRANSFERENCIAS DA UNIAO VINCULADAS AO ESPORTE;0,0;98604,0;0,0
9492583;625;2025-12-23 00:00:00;APARU ASSOCIACAO DOS PARAPLEGICOS DE UBERLANDIA;21.296.249/0001-66;SEDESE;1481;SECRETARIA DE ESTADO DE DESENVOLVIMENTO SOCIAL;43;SUBVENCOES SOCIAIS;1;SUBVENCOES SOCIAIS;38;TRANSFERENCIAS DA UNIAO VINCULADAS AO ESPORTE;0,0;99998,84;0,0
9492584;633;2025-12-23 00:00:00;PM JABOTICATUBAS;18.715.417/0001-04;SEDESE;1481;SECRETARIA DE ESTADO DE DESENVOLVIMENTO SOCIAL;42;AUXILIOS;1;AUXILIOS;38;TRANSFERENCIAS DA UNIAO VINCULADAS AO ESPORTE;0,0;200000,0;0,0
9492604;3932;2025-12-29 00:00:00;PM PIEDADE DE PONTE NOVA;18.316.257/0001-12;SEGOV;1491;SECRETARIA DE ESTADO DE GOVERNO;42;AUXILIOS;1;AUXILIOS;80;RECURSOS DO ACORDO DE REPACTUACAO DO RIO DOCE;0,0;2500000,0;0,0
9492626;3888;2025-12-23 00:00:00;PM SAO JOSE DA LAPA;42.774.281/0001-80;SEGOV;1491;SECRETARIA DE ESTADO DE GOVERNO;42;AUXILIOS;1;AUXILIOS;15;RECURSOS ORDINARIOS - OUTROS RECURSOS NAO VINCULADOS;0,0;0,0;0,0
9492664;603;2025-12-30 00:00:00;PM MIRABELA;18.017.376/0001-74;SEAPA;1231;SECRETARIA DE ESTADO DE AGRICULTURA, PECUARIA E ABASTECIMENTO;41;CONTRIBUICOES;1;CONTRIBUICOES;79;RECURSOS DECORRENTES DA CONVERSAO DE MULTAS AMBIENTAIS;0,0;234432,0;0,0
9492681;602;2025-12-30 00:00:00;PM PERIQUITO;01.613.077/0001-08;SEAPA;1231;SECRETARIA DE ESTADO DE AGRICULTURA, PECUARIA E ABASTECIMENTO;41;CONTRIBUICOES;1;CONTRIBUICOES;79;RECURSOS DECORRENTES DA CONVERSAO DE MULTAS AMBIENTAIS;0,0;236666,67;0,0
9492682;561;2025-12-23 00:00:00;PM PONTE NOVA;23.804.149/0001-29;SEAPA;1231;SECRETARIA DE ESTADO DE AGRICULTURA, PECUARIA E ABASTECIMENTO;41;CONTRIBUICOES;1;CONTRIBUICOES;15;RECURSOS ORDINARIOS - OUTROS RECURSOS NAO VINCULADOS;0,0;386100,0;0,0
9492684;601;2025-12-30 00:00:00;PM VIRGEM DA LAPA;18.348.730/0001-43;SEAPA;1231;SECRETARIA DE ESTADO DE AGRICULTURA, PECUARIA E ABASTECIMENTO;41;CONTRIBUICOES;1;CONTRIBUICOES;79;RECURSOS DECORRENTES DA CONVERSAO DE MULTAS AMBIENTAIS;0,0;236800,0;0,0
9492772;830;2025-12-30 00:00:00;PM SARZEDO;01.612.509/0001-58;SEMAD;1371;SECRETARIA DE ESTADO DE MEIO AMBIENTE E DESENVOLVIMENTO SUSTENTAVEL;41;CONTRIBUICOES;1;CONTRIBUICOES;95;RECURSOS RECEBIDOS POR DANOS ADVINDOS DE DESASTRES SOCIOAMBIENTAIS;0,0;3230631,81;0,0
9492773;828;2025-12-29 00:00:00;PM CHACARA;18.338.137/0001-16;SEMAD;1371;SECRETARIA DE ESTADO DE MEIO AMBIENTE E DESENVOLVIMENTO SUSTENTAVEL;41;CONTRIBUICOES;1;CONTRIBUICOES;15;RECURSOS ORDINARIOS - OUTROS RECURSOS NAO VINCULADOS;0,0;555000,0;0,0
9492779;3925;2025-12-24 00:00:00;PM CORREGO DANTA;18.298.174/0001-48;SEGOV;1491;SECRETARIA DE ESTADO DE GOVERNO;42;AUXILIOS;1;AUXILIOS;15;RECURSOS ORDINARIOS - OUTROS RECURSOS NAO VINCULADOS;0,0;124467,61;0,0
9492788;640;2025-12-24 00:00:00;ASSOCIACAO DE PAIS E AMIGOS DOS EXCEPCIONAIS DE TIMOTEO;20.183.976/0001-54;SEDESE;1481;SECRETARIA DE ESTADO DE DESENVOLVIMENTO SOCIAL;43;SUBVENCOES SOCIAIS;1;SUBVENCOES SOCIAIS;38;TRANSFERENCIAS DA UNIAO VINCULADAS AO ESPORTE;0,0;100000,0;0,0
9492790;40;2025-12-24 00:00:00;PM SAO GONCALO DO PARA;18.291.369/0001-66;SEDESE;1481;SECRETARIA DE ESTADO DE DESENVOLVIMENTO SOCIAL;42;AUXILIOS;1;AUXILIOS;71;RECURSOS DO FUNDO ESTADUAL DE ERRADICACAO DA MISERIA;0,0;1527828,66;0,0
9492791;642;2025-12-24 00:00:00;ASS DE PAIS E AMIGOS DOS EXCEPCIONAIS DE PARA DE MINAS;18.416.891/0001-27;SEDESE;1481;SECRETARIA DE ESTADO DE DESENVOLVIMENTO SOCIAL;43;SUBVENCOES SOCIAIS;1;SUBVENCOES SOCIAIS;38;TRANSFERENCIAS DA UNIAO VINCULADAS AO ESPORTE;0,0;99869,12;0,0
9492792;641;2025-12-24 00:00:00;PM NOVA SERRANA;18.291.385/0001-59;SEDESE;1481;SECRETARIA DE ESTADO DE DESENVOLVIMENTO SOCIAL;41;CONTRIBUICOES;1;CONTRIBUICOES;38;TRANSFERENCIAS DA UNIAO VINCULADAS AO ESPORTE;0,0;100000,0;0,0
9492811;584;2025-12-26 00:00:00;MONTE DE GENTE INTERESSADA EM CULTIVO ORGANICO;21.837.780/0001-07;SEAPA;1231;SECRETARIA DE ESTADO DE AGRICULTURA, PECUARIA E ABASTECIMENTO;41;CONTRIBUICOES;1;CONTRIBUICOES;10;RECURSOS ORDINARIOS - RECURSOS NAO VINCULADOS DE IMPOSTOS;0,0;0,0;0,0
9492812;596;2025-12-29 00:00:00;PM BERTOPOLIS;18.404.897/0001-84;SEAPA;1231;SECRETARIA DE ESTADO DE AGRICULTURA, PECUARIA E ABASTECIMENTO;41;CONTRIBUICOES;1;CONTRIBUICOES;10;RECURSOS ORDINARIOS - RECURSOS NAO VINCULADOS DE IMPOSTOS;0,0;0,0;0,0
9492817;41;2025-12-29 00:00:00;PM SANTO ANTONIO DO MONTE;16.870.974/0001-66;SEDESE;1481;SECRETARIA DE ESTADO DE DESENVOLVIMENTO SOCIAL;42;AUXILIOS;1;AUXILIOS;71;RECURSOS DO FUNDO ESTADUAL DE ERRADICACAO DA MISERIA;0,0;4950000,0;0,0
9492844;3099;2025-12-26 00:00:00;PM DOM BOSCO;01.602.782/0001-00;SEE;1261;SECRETARIA DE ESTADO DE EDUCACAO;42;AUXILIOS;1;AUXILIOS;21;COTA ESTADUAL DO SALARIO EDUCACAO - QESE;0,0;1200000,0;0,0
9492852;574;2025-12-29 00:00:00;PM ACUCENA;17.005.216/0001-42;SEINFRA;1301;SECRETARIA DE ESTADO DE INFRAESTRUTURA, MOBILIDADE E PARCERIAS;42;AUXILIOS;1;AUXILIOS;15;RECURSOS ORDINARIOS - OUTROS RECURSOS NAO VINCULADOS;0,0;1000000,0;0,0
9492866;643;2025-12-29 00:00:00;APAE;04.427.949/0001-23;SEDESE;1481;SECRETARIA DE ESTADO DE DESENVOLVIMENTO SOCIAL;43;SUBVENCOES SOCIAIS;1;SUBVENCOES SOCIAIS;38;TRANSFERENCIAS DA UNIAO VINCULADAS AO ESPORTE;0,0;99955,2;0,0
9492943;3933;2025-12-30 00:00:00;PM SAO SEBASTIAO DO PARAISO;18.241.349/0001-80;SEGOV;1491;SECRETARIA DE ESTADO DE GOVERNO;42;AUXILIOS;1;AUXILIOS;15;RECURSOS ORDINARIOS - OUTROS RECURSOS NAO VINCULADOS;0,0;550000,0;0,0
9492945;582;2025-12-30 00:00:00;PM SAO JOAO DO PACUI;01.612.474/0001-57;SEINFRA;1301;SECRETARIA DE ESTADO DE INFRAESTRUTURA, MOBILIDADE E PARCERIAS;42;AUXILIOS;1;AUXILIOS;15;RECURSOS ORDINARIOS - OUTROS RECURSOS NAO VINCULADOS;0,0;300000,0;0,0
9492946;581;2025-12-30 00:00:00;PM BAMBUI;20.920.567/0001-93;SEINFRA;1301;SECRETARIA DE ESTADO DE INFRAESTRUTURA, MOBILIDADE E PARCERIAS;42;AUXILIOS;1;AUXILIOS;15;RECURSOS ORDINARIOS - OUTROS RECURSOS NAO VINCULADOS;0,0;600000,0;0,0
9492948;580;2025-12-30 00:00:00;PM SAO ROMAO;24.891.418/0001-02;SEINFRA;1301;SECRETARIA DE ESTADO DE INFRAESTRUTURA, MOBILIDADE E PARCERIAS;42;AUXILIOS;1;AUXILIOS;10;RECURSOS ORDINARIOS - RECURSOS NAO VINCULADOS DE IMPOSTOS;0,0;4700000,0;0,0
9492955;605;2025-12-30 00:00:00;PM MANHUACU;18.385.088/0001-72;SEAPA;1231;SECRETARIA DE ESTADO DE AGRICULTURA, PECUARIA E ABASTECIMENTO;41;CONTRIBUICOES;1;CONTRIBUICOES;15;RECURSOS ORDINARIOS - OUTROS RECURSOS NAO VINCULADOS;647919,05;0,0;647919,05
9492956;606;2025-12-30 00:00:00;PM JOAQUIM FELICIO;17.694.878/0001-77;SEAPA;1231;SECRETARIA DE ESTADO DE AGRICULTURA, PECUARIA E ABASTECIMENTO;41;CONTRIBUICOES;1;CONTRIBUICOES;15;RECURSOS ORDINARIOS - OUTROS RECURSOS NAO VINCULADOS;854865,0;0,0;854865,0
9492958;604;2025-12-30 00:00:00;PM PEQUI;18.313.874/0001-64;SEAPA;1231;SECRETARIA DE ESTADO DE AGRICULTURA, PECUARIA E ABASTECIMENTO;41;CONTRIBUICOES;1;CONTRIBUICOES;15;RECURSOS ORDINARIOS - OUTROS RECURSOS NAO VINCULADOS;247493,4;0,0;247493,4
9492960;608;2025-12-30 00:00:00;PM ITAMBACURI;18.404.855/0001-43;SEAPA;1231;SECRETARIA DE ESTADO DE AGRICULTURA, PECUARIA E ABASTECIMENTO;41;CONTRIBUICOES;1;CONTRIBUICOES;15;RECURSOS ORDINARIOS - OUTROS RECURSOS NAO VINCULADOS;647919,05;0,0;647919,05
9492962;607;2025-12-30 00:00:00;PM ITAMBACURI;18.404.855/0001-43;SEAPA;1231;SECRETARIA DE ESTADO DE AGRICULTURA, PECUARIA E ABASTECIMENTO;41;CONTRIBUICOES;1;CONTRIBUICOES;15;RECURSOS ORDINARIOS - OUTROS RECURSOS NAO VINCULADOS;386100,0;0,0;386100,0
9492963;3101;2025-12-30 00:00:00;PM CRISTINA;18.188.250/0001-62;SEE;1261;SECRETARIA DE ESTADO DE EDUCACAO;42;AUXILIOS;1;AUXILIOS;21;COTA ESTADUAL DO SALARIO EDUCACAO - QESE;0,0;614745,54;0,0
9492964;3102;2025-12-30 00:00:00;PM ANTONIO CARLOS;18.094.763/0001-04;SEE;1261;SECRETARIA DE ESTADO DE EDUCACAO;42;AUXILIOS;1;AUXILIOS;21;COTA ESTADUAL DO SALARIO EDUCACAO - QESE;0,0;564312,55;0,0
9492965;3115;2025-12-30 00:00:00;PM SANTA LUZIA;18.715.409/0001-50;SEE;1261;SECRETARIA DE ESTADO DE EDUCACAO;42;AUXILIOS;1;AUXILIOS;21;COTA ESTADUAL DO SALARIO EDUCACAO - QESE;0,0;3017557,02;0,0
9492966;3103;2025-12-30 00:00:00;PM GONCALVES;18.025.932/0001-54;SEE;1261;SECRETARIA DE ESTADO DE EDUCACAO;42;AUXILIOS;1;AUXILIOS;21;COTA ESTADUAL DO SALARIO EDUCACAO - QESE;0,0;300000,0;0,0
9492967;3104;2025-12-30 00:00:00;PM PEDRAS DE MARIA DA CRUZ;25.209.156/0001-08;SEE;1261;SECRETARIA DE ESTADO DE EDUCACAO;42;AUXILIOS;1;AUXILIOS;21;COTA ESTADUAL DO SALARIO EDUCACAO - QESE;0,0;725000,0;0,0
9492968;3105;2025-12-30 00:00:00;PM CAMPOS ALTOS;18.298.190/0001-30;SEE;1261;SECRETARIA DE ESTADO DE EDUCACAO;42;AUXILIOS;1;AUXILIOS;21;COTA ESTADUAL DO SALARIO EDUCACAO - QESE;0,0;800000,0;0,0
9492969;3106;2025-12-30 00:00:00;PM RIO ACIMA;18.312.108/0001-85;SEE;1261;SECRETARIA DE ESTADO DE EDUCACAO;42;AUXILIOS;1;AUXILIOS;21;COTA ESTADUAL DO SALARIO EDUCACAO - QESE;0,0;350000,0;0,0
9492970;3107;2025-12-30 00:00:00;PM GUARACIABA;19.382.647/0001-53;SEE;1261;SECRETARIA DE ESTADO DE EDUCACAO;42;AUXILIOS;1;AUXILIOS;21;COTA ESTADUAL DO SALARIO EDUCACAO - QESE;0,0;1229491,08;0,0
9492971;3108;2025-12-30 00:00:00;PM ALVORADA DE MINAS;18.303.164/0001-53;SEE;1261;SECRETARIA DE ESTADO DE EDUCACAO;42;AUXILIOS;1;AUXILIOS;21;COTA ESTADUAL DO SALARIO EDUCACAO - QESE;0,0;564312,55;0,0
9492972;3109;2025-12-30 00:00:00;PM EWBANK DA CAMARA;17.747.932/0001-03;SEE;1261;SECRETARIA DE ESTADO DE EDUCACAO;42;AUXILIOS;1;AUXILIOS;21;COTA ESTADUAL DO SALARIO EDUCACAO - QESE;0,0;440254,52;0,0
9492973;3110;2025-12-30 00:00:00;PM DIVISOPOLIS;66.234.311/0001-23;SEE;1261;SECRETARIA DE ESTADO DE EDUCACAO;42;AUXILIOS;1;AUXILIOS;21;COTA ESTADUAL DO SALARIO EDUCACAO - QESE;0,0;2000000,0;0,0
9492974;3111;2025-12-30 00:00:00;PM PIRAUBA;18.554.147/0001-99;SEE;1261;SECRETARIA DE ESTADO DE EDUCACAO;42;AUXILIOS;1;AUXILIOS;21;COTA ESTADUAL DO SALARIO EDUCACAO - QESE;0,0;400000,0;0,0
9492975;3112;2025-12-30 00:00:00;PM JEQUITAI;18.279.083/0001-65;SEE;1261;SECRETARIA DE ESTADO DE EDUCACAO;42;AUXILIOS;1;AUXILIOS;21;COTA ESTADUAL DO SALARIO EDUCACAO - QESE;0,0;999389,01;0,0
9492976;3113;2025-12-30 00:00:00;PM NOVA RESENDE;18.187.823/0001-33;SEE;1261;SECRETARIA DE ESTADO DE EDUCACAO;42;AUXILIOS;1;AUXILIOS;21;COTA ESTADUAL DO SALARIO EDUCACAO - QESE;0,0;200000,0;0,0
9492978;3116;2025-12-30 00:00:00;PM RIO PARDO DE MINAS;24.212.862/0001-46;SEE;1261;SECRETARIA DE ESTADO DE EDUCACAO;42;AUXILIOS;1;AUXILIOS;21;COTA ESTADUAL DO SALARIO EDUCACAO - QESE;0,0;324048,01;0,0
9492979;3117;2025-12-30 00:00:00;PM SANTA LUZIA;18.715.409/0001-50;SEE;1261;SECRETARIA DE ESTADO DE EDUCACAO;42;AUXILIOS;1;AUXILIOS;21;COTA ESTADUAL DO SALARIO EDUCACAO - QESE;0,0;564312,55;0,0
9492980;3118;2025-12-30 00:00:00;PM SAO DOMINGOS DO PRATA;18.401.018/0001-60;SEE;1261;SECRETARIA DE ESTADO DE EDUCACAO;42;AUXILIOS;1;AUXILIOS;21;COTA ESTADUAL DO SALARIO EDUCACAO - QESE;0,0;564312,55;0,0
9492981;3128;2025-12-30 00:00:00;PM LEANDRO FERREIRA;18.315.218/0001-09;SEE;1261;SECRETARIA DE ESTADO DE EDUCACAO;42;AUXILIOS;1;AUXILIOS;21;COTA ESTADUAL DO SALARIO EDUCACAO - QESE;0,0;564312,55;0,0
9492982;3119;2025-12-30 00:00:00;PM LAGOA DA PRATA;18.318.618/0001-60;SEE;1261;SECRETARIA DE ESTADO DE EDUCACAO;42;AUXILIOS;1;AUXILIOS;21;COTA ESTADUAL DO SALARIO EDUCACAO - QESE;0,0;778841,09;0,0
9492983;3120;2025-12-30 00:00:00;PM SAO JOAO DA MATA;17.935.206/0001-06;SEE;1261;SECRETARIA DE ESTADO DE EDUCACAO;42;AUXILIOS;1;AUXILIOS;21;COTA ESTADUAL DO SALARIO EDUCACAO - QESE;0,0;614745,54;0,0
9492984;3129;2025-12-30 00:00:00;PM ICARAI DE MINAS;25.224.304/0001-63;SEE;1261;SECRETARIA DE ESTADO DE EDUCACAO;42;AUXILIOS;1;AUXILIOS;21;COTA ESTADUAL DO SALARIO EDUCACAO - QESE;0,0;1499805,96;0,0
9492985;3121;2025-12-30 00:00:00;PM VESPASIANO;18.715.425/0001-42;SEE;1261;SECRETARIA DE ESTADO DE EDUCACAO;42;AUXILIOS;1;AUXILIOS;21;COTA ESTADUAL DO SALARIO EDUCACAO - QESE;0,0;1999805,0;0,0
9492986;3122;2025-12-30 00:00:00;PM LONTRA;25.223.009/0001-92;SEE;1261;SECRETARIA DE ESTADO DE EDUCACAO;42;AUXILIOS;1;AUXILIOS;21;COTA ESTADUAL DO SALARIO EDUCACAO - QESE;0,0;324048,01;0,0
9492987;3123;2025-12-30 00:00:00;PM PADRE CARVALHO;01.612.490/0001-40;SEE;1261;SECRETARIA DE ESTADO DE EDUCACAO;42;AUXILIOS;1;AUXILIOS;21;COTA ESTADUAL DO SALARIO EDUCACAO - QESE;0,0;778000,0;0,0
9492988;3124;2025-12-30 00:00:00;PM BRUMADINHO;18.363.929/0001-40;SEE;1261;SECRETARIA DE ESTADO DE EDUCACAO;42;AUXILIOS;1;AUXILIOS;21;COTA ESTADUAL DO SALARIO EDUCACAO - QESE;0,0;500000,0;0,0
9492989;3125;2025-12-30 00:00:00;PM CORINTO;17.695.016/0001-69;SEE;1261;SECRETARIA DE ESTADO DE EDUCACAO;42;AUXILIOS;1;AUXILIOS;21;COTA ESTADUAL DO SALARIO EDUCACAO - QESE;0,0;1055000,0;0,0
9492991;3127;2025-12-30 00:00:00;PM CARANDAI;18.094.797/0001-07;SEE;1261;SECRETARIA DE ESTADO DE EDUCACAO;42;AUXILIOS;1;AUXILIOS;21;COTA ESTADUAL DO SALARIO EDUCACAO - QESE;0,0;2000000,0;0,0
9492992;3130;2025-12-30 00:00:00;PM PAVAO;18.404.772/0001-54;SEE;1261;SECRETARIA DE ESTADO DE EDUCACAO;42;AUXILIOS;1;AUXILIOS;21;COTA ESTADUAL DO SALARIO EDUCACAO - QESE;0,0;324048,01;0,0
9492994;3126;2025-12-30 00:00:00;PM PAPAGAIOS;18.313.866/0001-18;SEE;1261;SECRETARIA DE ESTADO DE EDUCACAO;42;AUXILIOS;1;AUXILIOS;21;COTA ESTADUAL DO SALARIO EDUCACAO - QESE;0,0;510959,93;0,0
9493001;3131;2025-12-30 00:00:00;PM MIRADOURO;17.947.623/0001-79;SEE;1261;SECRETARIA DE ESTADO DE EDUCACAO;42;AUXILIOS;1;AUXILIOS;21;COTA ESTADUAL DO SALARIO EDUCACAO - QESE;0,0;648096,02;0,0
9493052;3934;2025-12-30 00:00:00;PM ALTO CAPARAO;01.616.270/0001-94;SEGOV;1491;SECRETARIA DE ESTADO DE GOVERNO;42;AUXILIOS;1;AUXILIOS;15;RECURSOS ORDINARIOS - OUTROS RECURSOS NAO VINCULADOS;0,0;550000,0;0,0
9493057;624;2025-12-30 00:00:00;PM PECANHA;18.409.227/0001-50;SEAPA;1231;SECRETARIA DE ESTADO DE AGRICULTURA, PECUARIA E ABASTECIMENTO;41;CONTRIBUICOES;1;CONTRIBUICOES;15;RECURSOS ORDINARIOS - OUTROS RECURSOS NAO VINCULADOS;22270,24;0,0;22270,24
9493060;620;2025-12-30 00:00:00;PM COLUNA;18.307.397/0001-24;SEAPA;1231;SECRETARIA DE ESTADO DE AGRICULTURA, PECUARIA E ABASTECIMENTO;41;CONTRIBUICOES;1;CONTRIBUICOES;15;RECURSOS ORDINARIOS - OUTROS RECURSOS NAO VINCULADOS;26986,67;0,0;26986,67
9493064;623;2025-12-30 00:00:00;PM LADAINHA;18.404.863/0001-90;SEAPA;1231;SECRETARIA DE ESTADO DE AGRICULTURA, PECUARIA E ABASTECIMENTO;41;CONTRIBUICOES;1;CONTRIBUICOES;15;RECURSOS ORDINARIOS - OUTROS RECURSOS NAO VINCULADOS;2540850,71;0,0;2540850,71
9493065;622;2025-12-30 00:00:00;PM MEDINA;18.414.607/0001-83;SEAPA;1231;SECRETARIA DE ESTADO DE AGRICULTURA, PECUARIA E ABASTECIMENTO;41;CONTRIBUICOES;1;CONTRIBUICOES;15;RECURSOS ORDINARIOS - OUTROS RECURSOS NAO VINCULADOS;2157957,02;0,0;2157957,02
9493068;621;2025-12-30 00:00:00;PM PEDRA AZUL;18.414.565/0001-80;SEAPA;1231;SECRETARIA DE ESTADO DE AGRICULTURA, PECUARIA E ABASTECIMENTO;41;CONTRIBUICOES;1;CONTRIBUICOES;15;RECURSOS ORDINARIOS - OUTROS RECURSOS NAO VINCULADOS;1240965,0;0,0;1240965,0
9493090;586;2025-12-31 00:00:00;PM PINGO D'AGUA;01.613.204/0001-60;SEINFRA;1301;SECRETARIA DE ESTADO DE INFRAESTRUTURA, MOBILIDADE E PARCERIAS;42;AUXILIOS;1;AUXILIOS;15;RECURSOS ORDINARIOS - OUTROS RECURSOS NAO VINCULADOS;0,0;5000000,0;0,0
