contratoconvenio_saida;numero_empenho;data_registro_doc_empenho;razao_social_credor;cnpj_cpf_credor_formatado;unidade_orcamentaria_codigo;unidade_orcamentaria_sigla;unidade_orcamentaria_nome;elemento_despesa_codigo;elemento_despesa_descricao;item_despesa_codigo;item_despesa_descricao;fonte_recurso_codigo;fonte_recurso_descricao;valor_despesa_empenhada;valor_despesa_liquidada;valor_pago_financeiro
9301439;268;2026-06-24 00:00:00;ASSOCIACAO CENTRO DE EDUCACAO TECNOLOGICA DO ESTADO DA BAHIA;02.663.026/0001-45;1261;SEE;SECRETARIA DE ESTADO DE EDUCACAO;85;CONTRATO DE GESTAO;1;CONTRATO DE GESTAO COM ORGANIZACAO SOCIAL - OS;10;RECURSOS ORDINARIOS - RECURSOS NAO VINCULADOS DE IMPOSTOS;1789204,14;1789204,14;1789204,14
9301441;267;2026-06-24 00:00:00;ASSOCIACAO CENTRO DE EDUCACAO TECNOLOGICA DO ESTADO DA BAHIA;02.663.026/0001-45;1261;SEE;SECRETARIA DE ESTADO DE EDUCACAO;85;CONTRATO DE GESTAO;1;CONTRATO DE GESTAO COM ORGANIZACAO SOCIAL - OS;10;RECURSOS ORDINARIOS - RECURSOS NAO VINCULADOS DE IMPOSTOS;2048254,77;2048254,77;2048254,77
9301442;275;2026-06-29 00:00:00;ASSOCIACAO CENTRO DE EDUCACAO TECNOLOGICA DO ESTADO DA BAHIA;02.663.026/0001-45;1261;SEE;SECRETARIA DE ESTADO DE EDUCACAO;85;CONTRATO DE GESTAO;1;CONTRATO DE GESTAO COM ORGANIZACAO SOCIAL - OS;10;RECURSOS ORDINARIOS - RECURSOS NAO VINCULADOS DE IMPOSTOS;1383065,55;1383065,55;1383065,55
9318121;44;2026-03-24 00:00:00;ASSOCIACAO COMUNITARIA DE PREVENCAO AO USO INDEVIDO DE DROGAS;03.015.043/0001-39;1451;SEJUSP;SECRETARIA DE ESTADO DE JUSTICA E SEGURANCA PUBLICA;43;SUBVENCOES SOCIAIS;1;SUBVENCOES SOCIAIS;10;RECURSOS ORDINARIOS - RECURSOS NAO VINCULADOS DE IMPOSTOS;65326,47;65326,47;65326,47
9318128;32;2026-03-05 00:00:00;COMUNIDADE TERAPEUTICA FAMILIA EM CRISTO;19.215.751/0001-53;1451;SEJUSP;SECRETARIA DE ESTADO DE JUSTICA E SEGURANCA PUBLICA;43;SUBVENCOES SOCIAIS;1;SUBVENCOES SOCIAIS;10;RECURSOS ORDINARIOS - RECURSOS NAO VINCULADOS DE IMPOSTOS;110249,79;110249,79;110249,79
9318133;73;2026-05-20 00:00:00;ASSOCIACAO GRUPO SARAI;03.782.573/0001-02;1451;SEJUSP;SECRETARIA DE ESTADO DE JUSTICA E SEGURANCA PUBLICA;43;SUBVENCOES SOCIAIS;1;SUBVENCOES SOCIAIS;10;RECURSOS ORDINARIOS - RECURSOS NAO VINCULADOS DE IMPOSTOS;178090,9;178090,9;89045,45
9318134;64;2026-04-30 00:00:00;C.R.J.F.C.D.-CENTRO DE RECUPERACAO JUIZ DE FORA CONTRA AS DROGAS;05.467.433/0001-75;1451;SEJUSP;SECRETARIA DE ESTADO DE JUSTICA E SEGURANCA PUBLICA;43;SUBVENCOES SOCIAIS;1;SUBVENCOES SOCIAIS;10;RECURSOS ORDINARIOS - RECURSOS NAO VINCULADOS DE IMPOSTOS;87732,82;87732,82;87732,82
9318145;63;2026-04-30 00:00:00;SER SERVICO EVANGELICO DE REABILITACAO;20.734.505/0003-59;1451;SEJUSP;SECRETARIA DE ESTADO DE JUSTICA E SEGURANCA PUBLICA;43;SUBVENCOES SOCIAIS;1;SUBVENCOES SOCIAIS;10;RECURSOS ORDINARIOS - RECURSOS NAO VINCULADOS DE IMPOSTOS;49854,83;49854,83;0,0
9318149;37;2026-03-05 00:00:00;COMVIDA - COMUNIDADE TERAPEUTICA FAZENDA VIDA NOVA;02.970.363/0001-85;1451;SEJUSP;SECRETARIA DE ESTADO DE JUSTICA E SEGURANCA PUBLICA;43;SUBVENCOES SOCIAIS;1;SUBVENCOES SOCIAIS;10;RECURSOS ORDINARIOS - RECURSOS NAO VINCULADOS DE IMPOSTOS;126991,62;126991,62;63495,81
9318152;25;2026-03-04 00:00:00;ESQUADRAO DA VIDA DE MONTES CLAROS;25.224.130/0001-39;1451;SEJUSP;SECRETARIA DE ESTADO DE JUSTICA E SEGURANCA PUBLICA;43;SUBVENCOES SOCIAIS;1;SUBVENCOES SOCIAIS;10;RECURSOS ORDINARIOS - RECURSOS NAO VINCULADOS DE IMPOSTOS;21066,03;21066,03;21066,03
9318155;30;2026-03-05 00:00:00;ACAO SOCIAL CENTRO DE REINTEGRACAO A SOCIEDADE MAIS QUE VENCEDORES;16.801.598/0001-58;1451;SEJUSP;SECRETARIA DE ESTADO DE JUSTICA E SEGURANCA PUBLICA;43;SUBVENCOES SOCIAIS;1;SUBVENCOES SOCIAIS;10;RECURSOS ORDINARIOS - RECURSOS NAO VINCULADOS DE IMPOSTOS;92534,58;92534,58;92534,58
9318341;61;2026-04-29 00:00:00;ASSOCIACAO CRISTA BANCO DA SOLIDARIEDADE;10.320.290/0001-04;1451;SEJUSP;SECRETARIA DE ESTADO DE JUSTICA E SEGURANCA PUBLICA;43;SUBVENCOES SOCIAIS;1;SUBVENCOES SOCIAIS;10;RECURSOS ORDINARIOS - RECURSOS NAO VINCULADOS DE IMPOSTOS;71529,96;71529,96;71529,96
9318350;27;2026-03-04 00:00:00;COMUNIDADE TERAPEUTICA FILHOS DO REI;13.134.031/0001-87;1451;SEJUSP;SECRETARIA DE ESTADO DE JUSTICA E SEGURANCA PUBLICA;43;SUBVENCOES SOCIAIS;1;SUBVENCOES SOCIAIS;10;RECURSOS ORDINARIOS - RECURSOS NAO VINCULADOS DE IMPOSTOS;51733,72;51733,72;51733,72
9318441;26;2026-03-04 00:00:00;CENTRO DE REINTEGRACAO SOCIAL BEIJA-FLOR;04.327.366/0002-01;1451;SEJUSP;SECRETARIA DE ESTADO DE JUSTICA E SEGURANCA PUBLICA;43;SUBVENCOES SOCIAIS;1;SUBVENCOES SOCIAIS;10;RECURSOS ORDINARIOS - RECURSOS NAO VINCULADOS DE IMPOSTOS;19576,53;19576,53;19576,53
9318589;24;2026-03-04 00:00:00;ASSOCIACAO BATISTA DE ASSISTENCIA SOCIAL;17.177.874/0001-11;1451;SEJUSP;SECRETARIA DE ESTADO DE JUSTICA E SEGURANCA PUBLICA;43;SUBVENCOES SOCIAIS;1;SUBVENCOES SOCIAIS;10;RECURSOS ORDINARIOS - RECURSOS NAO VINCULADOS DE IMPOSTOS;159999,23;159999,23;159999,23
9318616;39;2026-03-06 00:00:00;ASSOCIACAO TEMPLO DE ISRAEL;11.423.964/0001-69;1451;SEJUSP;SECRETARIA DE ESTADO DE JUSTICA E SEGURANCA PUBLICA;43;SUBVENCOES SOCIAIS;1;SUBVENCOES SOCIAIS;10;RECURSOS ORDINARIOS - RECURSOS NAO VINCULADOS DE IMPOSTOS;44343,62;44343,62;44343,62
9318638;60;2026-04-29 00:00:00;ASSOCIACAO ESPORTIVA FUTEBOL E VIDA;20.628.142/0001-05;1451;SEJUSP;SECRETARIA DE ESTADO DE JUSTICA E SEGURANCA PUBLICA;43;SUBVENCOES SOCIAIS;1;SUBVENCOES SOCIAIS;10;RECURSOS ORDINARIOS - RECURSOS NAO VINCULADOS DE IMPOSTOS;81642,58;81642,58;0,0
9318645;28;2026-03-04 00:00:00;PROJETO EBENEZER;22.997.041/0001-37;1451;SEJUSP;SECRETARIA DE ESTADO DE JUSTICA E SEGURANCA PUBLICA;43;SUBVENCOES SOCIAIS;1;SUBVENCOES SOCIAIS;10;RECURSOS ORDINARIOS - RECURSOS NAO VINCULADOS DE IMPOSTOS;52751,92;52751,92;52751,92
9318645;82;2026-05-27 00:00:00;PROJETO EBENEZER;22.997.041/0001-37;1451;SEJUSP;SECRETARIA DE ESTADO DE JUSTICA E SEGURANCA PUBLICA;43;SUBVENCOES SOCIAIS;1;SUBVENCOES SOCIAIS;10;RECURSOS ORDINARIOS - RECURSOS NAO VINCULADOS DE IMPOSTOS;60089,44;60089,44;60089,44
9318649;69;2026-05-11 00:00:00;ACAO SOCIAL CENTRO DE REINTEGRACAO A SOCIEDADE MAIS QUE VENCEDORES;16.801.598/0002-39;1451;SEJUSP;SECRETARIA DE ESTADO DE JUSTICA E SEGURANCA PUBLICA;43;SUBVENCOES SOCIAIS;1;SUBVENCOES SOCIAIS;10;RECURSOS ORDINARIOS - RECURSOS NAO VINCULADOS DE IMPOSTOS;91971,82;91971,82;91971,82
9318686;38;2026-03-06 00:00:00;CENTRO MADRE TEREZA;03.759.408/0001-30;1451;SEJUSP;SECRETARIA DE ESTADO DE JUSTICA E SEGURANCA PUBLICA;43;SUBVENCOES SOCIAIS;1;SUBVENCOES SOCIAIS;10;RECURSOS ORDINARIOS - RECURSOS NAO VINCULADOS DE IMPOSTOS;68820,66;68820,66;0,0
9318688;34;2026-03-05 00:00:00;ASSOCIACAO JOAO PAULO II;08.027.860/0001-20;1451;SEJUSP;SECRETARIA DE ESTADO DE JUSTICA E SEGURANCA PUBLICA;43;SUBVENCOES SOCIAIS;1;SUBVENCOES SOCIAIS;10;RECURSOS ORDINARIOS - RECURSOS NAO VINCULADOS DE IMPOSTOS;146515,29;146515,29;146515,29
9318693;41;2026-03-16 00:00:00;CASA DE RECUPERACAO JUNTOS PODEMOS;10.326.600/0001-06;1451;SEJUSP;SECRETARIA DE ESTADO DE JUSTICA E SEGURANCA PUBLICA;43;SUBVENCOES SOCIAIS;1;SUBVENCOES SOCIAIS;10;RECURSOS ORDINARIOS - RECURSOS NAO VINCULADOS DE IMPOSTOS;43795,26;43795,26;43795,26
9318703;1278;2026-05-07 00:00:00;PM RIBEIRAO DAS NEVES;18.314.609/0001-09;1261;SEE;SECRETARIA DE ESTADO DE EDUCACAO;42;AUXILIOS;1;AUXILIOS;10;RECURSOS ORDINARIOS - RECURSOS NAO VINCULADOS DE IMPOSTOS;253855,97;253855,97;253855,97
9318705;35;2026-03-05 00:00:00;ASS NUCLEO DE APOIO TOXICOM E ALCOOL FAZ AGUA VIVA-;22.706.287/0001-02;1451;SEJUSP;SECRETARIA DE ESTADO DE JUSTICA E SEGURANCA PUBLICA;43;SUBVENCOES SOCIAIS;1;SUBVENCOES SOCIAIS;10;RECURSOS ORDINARIOS - RECURSOS NAO VINCULADOS DE IMPOSTOS;105704,17;105704,17;105704,17
9318706;36;2026-03-05 00:00:00;ASSOCIACAO WILSON DE SOUZA LOPES;73.869.877/0001-97;1451;SEJUSP;SECRETARIA DE ESTADO DE JUSTICA E SEGURANCA PUBLICA;43;SUBVENCOES SOCIAIS;1;SUBVENCOES SOCIAIS;10;RECURSOS ORDINARIOS - RECURSOS NAO VINCULADOS DE IMPOSTOS;105571,88;105571,88;105571,88
9318722;70;2026-05-11 00:00:00;ASSOCIACAO FAZENDA RENASCER;17.515.115/0001-11;1451;SEJUSP;SECRETARIA DE ESTADO DE JUSTICA E SEGURANCA PUBLICA;43;SUBVENCOES SOCIAIS;1;SUBVENCOES SOCIAIS;10;RECURSOS ORDINARIOS - RECURSOS NAO VINCULADOS DE IMPOSTOS;103444,71;103444,71;103444,71
9318860;29;2026-03-04 00:00:00;GRUPO EDUCACAO, ETICA E CIDADANIA;05.543.739/0001-63;1451;SEJUSP;SECRETARIA DE ESTADO DE JUSTICA E SEGURANCA PUBLICA;43;SUBVENCOES SOCIAIS;1;SUBVENCOES SOCIAIS;10;RECURSOS ORDINARIOS - RECURSOS NAO VINCULADOS DE IMPOSTOS;48070,75;48070,75;48070,75
9318885;33;2026-03-05 00:00:00;ASSOCIACAO COMUNIDADE NOVA CRIATURA;11.088.620/0001-40;1451;SEJUSP;SECRETARIA DE ESTADO DE JUSTICA E SEGURANCA PUBLICA;43;SUBVENCOES SOCIAIS;1;SUBVENCOES SOCIAIS;10;RECURSOS ORDINARIOS - RECURSOS NAO VINCULADOS DE IMPOSTOS;59008,96;59008,96;59008,96
9318885;76;2026-05-25 00:00:00;ASSOCIACAO COMUNIDADE NOVA CRIATURA;11.088.620/0001-40;1451;SEJUSP;SECRETARIA DE ESTADO DE JUSTICA E SEGURANCA PUBLICA;43;SUBVENCOES SOCIAIS;1;SUBVENCOES SOCIAIS;10;RECURSOS ORDINARIOS - RECURSOS NAO VINCULADOS DE IMPOSTOS;59008,96;59008,96;59008,96
9318888;31;2026-03-05 00:00:00;CENTRO DE RESTAURACAO VIDA NOVA;09.219.152/0001-54;1451;SEJUSP;SECRETARIA DE ESTADO DE JUSTICA E SEGURANCA PUBLICA;43;SUBVENCOES SOCIAIS;1;SUBVENCOES SOCIAIS;10;RECURSOS ORDINARIOS - RECURSOS NAO VINCULADOS DE IMPOSTOS;169824,31;169824,31;84912,15
9321214;37;2026-02-23 00:00:00;ASSOC. DE PROT. E ASSIST. AOS CONENADOS DE RIO PIRACICABA;09.420.397/0001-45;1451;SEJUSP;SECRETARIA DE ESTADO DE JUSTICA E SEGURANCA PUBLICA;43;SUBVENCOES SOCIAIS;1;SUBVENCOES SOCIAIS;60;RECURSOS DIRETAMENTE ARRECADADOS;655352,16;655352,16;655352,16
9321215;35;2026-02-23 00:00:00;APAC DE POUSO ALEGRE FEMININO;34.843.762/0001-71;1451;SEJUSP;SECRETARIA DE ESTADO DE JUSTICA E SEGURANCA PUBLICA;43;SUBVENCOES SOCIAIS;1;SUBVENCOES SOCIAIS;60;RECURSOS DIRETAMENTE ARRECADADOS;765530,08;765530,08;765530,08
9321217;17;2026-02-20 00:00:00;ASSOCIACAO DE PROTECAO E ASSISTENCIA AOS CONDENADOS - FRUTAL/MG;07.409.988/0001-96;1451;SEJUSP;SECRETARIA DE ESTADO DE JUSTICA E SEGURANCA PUBLICA;43;SUBVENCOES SOCIAIS;1;SUBVENCOES SOCIAIS;60;RECURSOS DIRETAMENTE ARRECADADOS;2733561,2;2733561,2;2733561,2
9321218;40;2026-02-23 00:00:00;ASSOC. DE PROT. E ASSIST. AOS CONENADOS DE S. J. DEL REI MASC.;07.899.489/0001-24;1451;SEJUSP;SECRETARIA DE ESTADO DE JUSTICA E SEGURANCA PUBLICA;43;SUBVENCOES SOCIAIS;1;SUBVENCOES SOCIAIS;60;RECURSOS DIRETAMENTE ARRECADADOS;2364170,3;2364170,3;2364170,3
9321219;50;2026-04-01 00:00:00;APAC SETE LAGOAS;04.698.279/0001-80;1451;SEJUSP;SECRETARIA DE ESTADO DE JUSTICA E SEGURANCA PUBLICA;43;SUBVENCOES SOCIAIS;1;SUBVENCOES SOCIAIS;60;RECURSOS DIRETAMENTE ARRECADADOS;1435040,22;1435040,22;1435040,22
9321220;18;2026-02-20 00:00:00;ASSOC. DE PROT. E ASSIST. AO CONDENADO DE INHAPIM;06.931.578/0001-48;1451;SEJUSP;SECRETARIA DE ESTADO DE JUSTICA E SEGURANCA PUBLICA;43;SUBVENCOES SOCIAIS;1;SUBVENCOES SOCIAIS;60;RECURSOS DIRETAMENTE ARRECADADOS;1207829,36;1207829,36;1207829,36
9321221;34;2026-02-23 00:00:00;ASSOC. DE PROT. E ASSIST. AO CONDENADO DE PIRAPORA;07.677.802/0001-80;1451;SEJUSP;SECRETARIA DE ESTADO DE JUSTICA E SEGURANCA PUBLICA;43;SUBVENCOES SOCIAIS;1;SUBVENCOES SOCIAIS;60;RECURSOS DIRETAMENTE ARRECADADOS;1974334,0;1974334,0;1974334,0
9321223;41;2026-02-23 00:00:00;ASSOC. DE PROT. E ASSIST. AO CONDENADO DE ARCOS;05.131.480/0001-43;1451;SEJUSP;SECRETARIA DE ESTADO DE JUSTICA E SEGURANCA PUBLICA;43;SUBVENCOES SOCIAIS;1;SUBVENCOES SOCIAIS;60;RECURSOS DIRETAMENTE ARRECADADOS;933520,24;933520,24;933520,24
9321224;14;2026-02-19 00:00:00;ASSOCIACAO DE PROTECAO E ASSISTENCIA AOS CONDENADOS;20.928.032/0001-69;1451;SEJUSP;SECRETARIA DE ESTADO DE JUSTICA E SEGURANCA PUBLICA;43;SUBVENCOES SOCIAIS;1;SUBVENCOES SOCIAIS;60;RECURSOS DIRETAMENTE ARRECADADOS;730573,68;730573,68;730573,68
9321225;19;2026-02-20 00:00:00;ASSOCIACAO DE PROTECAO E ASSISTENCIA AOS CONDENADOS;20.928.032/0001-69;1451;SEJUSP;SECRETARIA DE ESTADO DE JUSTICA E SEGURANCA PUBLICA;43;SUBVENCOES SOCIAIS;1;SUBVENCOES SOCIAIS;60;RECURSOS DIRETAMENTE ARRECADADOS;1617980,48;1617980,48;1617980,48
9321226;20;2026-02-20 00:00:00;ASSOC. DE PROT. E ASSIST. AO CONDENADO DE ITUIUTABA;08.669.795/0001-37;1451;SEJUSP;SECRETARIA DE ESTADO DE JUSTICA E SEGURANCA PUBLICA;43;SUBVENCOES SOCIAIS;1;SUBVENCOES SOCIAIS;60;RECURSOS DIRETAMENTE ARRECADADOS;1116208,4;1116208,4;1116208,4
9321227;21;2026-02-20 00:00:00;ASSOC. DE PROT. E ASSIST. AO CONDENADO DE JANUARIA;08.358.883/0001-18;1451;SEJUSP;SECRETARIA DE ESTADO DE JUSTICA E SEGURANCA PUBLICA;43;SUBVENCOES SOCIAIS;1;SUBVENCOES SOCIAIS;60;RECURSOS DIRETAMENTE ARRECADADOS;1268319,28;1268319,28;1268319,28
9321228;22;2026-02-20 00:00:00;ASSOC. DE PROT. E ASSIST. AO CONDENADO DE LAGOA DA PRATA;07.472.312/0001-47;1451;SEJUSP;SECRETARIA DE ESTADO DE JUSTICA E SEGURANCA PUBLICA;43;SUBVENCOES SOCIAIS;1;SUBVENCOES SOCIAIS;60;RECURSOS DIRETAMENTE ARRECADADOS;1424816,7;1424816,7;1424816,7
9321229;29;2026-02-23 00:00:00;ASSOC. DE PROT. E ASSIST. AO CONDENADO DE PASSOS;03.672.339/0001-22;1451;SEJUSP;SECRETARIA DE ESTADO DE JUSTICA E SEGURANCA PUBLICA;43;SUBVENCOES SOCIAIS;1;SUBVENCOES SOCIAIS;60;RECURSOS DIRETAMENTE ARRECADADOS;1467302,24;1467302,24;1467302,24
9321230;30;2026-02-23 00:00:00;ASSOC. DE PROT. E ASSIST. AO CONDENADO DE PATOS DE MINAS;13.570.749/0001-16;1451;SEJUSP;SECRETARIA DE ESTADO DE JUSTICA E SEGURANCA PUBLICA;43;SUBVENCOES SOCIAIS;1;SUBVENCOES SOCIAIS;60;RECURSOS DIRETAMENTE ARRECADADOS;1888435,28;1888435,28;1888435,28
9321231;16;2026-02-20 00:00:00;ASSOC. DE PROT. E ASSIST. AO CONDENADO DE PATROCINIO;01.349.619/0001-79;1451;SEJUSP;SECRETARIA DE ESTADO DE JUSTICA E SEGURANCA PUBLICA;43;SUBVENCOES SOCIAIS;1;SUBVENCOES SOCIAIS;60;RECURSOS DIRETAMENTE ARRECADADOS;1885236,72;1885236,72;1885236,72
9321232;33;2026-02-23 00:00:00;ASSOC. DE PROT. E ASSIST. AO CONDENADO DE PERDOES;06.118.334/0001-40;1451;SEJUSP;SECRETARIA DE ESTADO DE JUSTICA E SEGURANCA PUBLICA;43;SUBVENCOES SOCIAIS;1;SUBVENCOES SOCIAIS;60;RECURSOS DIRETAMENTE ARRECADADOS;1328358,72;1328358,72;1328358,72
9321233;36;2026-02-23 00:00:00;APAC-ASSOCIACAO DE PROTECAO E ASSISTENCIA AOS CONDENADOS DE POUSO ALEG;06.022.588/0001-60;1451;SEJUSP;SECRETARIA DE ESTADO DE JUSTICA E SEGURANCA PUBLICA;43;SUBVENCOES SOCIAIS;1;SUBVENCOES SOCIAIS;60;RECURSOS DIRETAMENTE ARRECADADOS;1827587,78;1827587,78;1827587,78
9321234;38;2026-02-23 00:00:00;ASSOC. DE PROT. E ASSIST. AOS CONENADOS DE SALINAS;08.112.569/0001-50;1451;SEJUSP;SECRETARIA DE ESTADO DE JUSTICA E SEGURANCA PUBLICA;43;SUBVENCOES SOCIAIS;1;SUBVENCOES SOCIAIS;60;RECURSOS DIRETAMENTE ARRECADADOS;930363,02;930363,02;930363,02
9321236;39;2026-02-23 00:00:00;ASSOC. DE PROT. E ASSIST. AOS CONENADOS DE SANTA BARBARA;05.134.204/0001-39;1451;SEJUSP;SECRETARIA DE ESTADO DE JUSTICA E SEGURANCA PUBLICA;43;SUBVENCOES SOCIAIS;1;SUBVENCOES SOCIAIS;60;RECURSOS DIRETAMENTE ARRECADADOS;924584,16;924584,16;924584,16
9321237;42;2026-02-23 00:00:00;ASSOC. DE PROT. E ASSIST. AOS CONENADOS DE TEOFILO OTONI;06.947.893/0001-63;1451;SEJUSP;SECRETARIA DE ESTADO DE JUSTICA E SEGURANCA PUBLICA;43;SUBVENCOES SOCIAIS;1;SUBVENCOES SOCIAIS;60;RECURSOS DIRETAMENTE ARRECADADOS;818489,64;818489,64;818489,64
9321238;31;2026-02-23 00:00:00;ASSOC. DE PROT. E ASSIST. AOS CONENADOS DE VICOSA;06.199.788/0001-93;1451;SEJUSP;SECRETARIA DE ESTADO DE JUSTICA E SEGURANCA PUBLICA;43;SUBVENCOES SOCIAIS;1;SUBVENCOES SOCIAIS;60;RECURSOS DIRETAMENTE ARRECADADOS;538934,54;538934,54;538934,54
9321242;28;2026-02-23 00:00:00;ASSOC. DE PROT. E ASSIST. AO CONDENADO DE PARACATU;06.195.998/0001-03;1451;SEJUSP;SECRETARIA DE ESTADO DE JUSTICA E SEGURANCA PUBLICA;43;SUBVENCOES SOCIAIS;1;SUBVENCOES SOCIAIS;60;RECURSOS DIRETAMENTE ARRECADADOS;1644199,22;1644199,22;1644199,22
9321243;25;2026-02-20 00:00:00;ASSOC. DE PROT. E ASSIST. AOS CONENADOS DE S. J. DEL REI FEM.;21.325.027/0001-24;1451;SEJUSP;SECRETARIA DE ESTADO DE JUSTICA E SEGURANCA PUBLICA;43;SUBVENCOES SOCIAIS;1;SUBVENCOES SOCIAIS;60;RECURSOS DIRETAMENTE ARRECADADOS;909907,62;909907,62;909907,62
9321244;6;2026-02-19 00:00:00;ASSOC. DE PROT. E ASSIST. AO CONDENADO DE CAMPO BELO;07.259.234/0001-05;1451;SEJUSP;SECRETARIA DE ESTADO DE JUSTICA E SEGURANCA PUBLICA;43;SUBVENCOES SOCIAIS;1;SUBVENCOES SOCIAIS;60;RECURSOS DIRETAMENTE ARRECADADOS;1214459,6;1214459,6;1214459,6
9321245;23;2026-02-20 00:00:00;ASSOC. DE PROT. E ASSIST. AOS CONENADOS DE SANTA MARIA DO SUACUI;06.289.008/0001-04;1451;SEJUSP;SECRETARIA DE ESTADO DE JUSTICA E SEGURANCA PUBLICA;43;SUBVENCOES SOCIAIS;1;SUBVENCOES SOCIAIS;60;RECURSOS DIRETAMENTE ARRECADADOS;615510,18;615510,18;615510,18
9321246;27;2026-02-23 00:00:00;ASSOCIACAO DE PROTECAO E ASSISTENCIA AOS CONDENADOS;05.501.573/0001-12;1451;SEJUSP;SECRETARIA DE ESTADO DE JUSTICA E SEGURANCA PUBLICA;43;SUBVENCOES SOCIAIS;1;SUBVENCOES SOCIAIS;60;RECURSOS DIRETAMENTE ARRECADADOS;2078357,6;2078357,6;2078357,6
9321247;7;2026-02-19 00:00:00;ASSOCIACAO DE PROTECAO E ASSITENCIA AOS CONDENADOS - APAC - CARATINGA;08.773.437/0001-70;1451;SEJUSP;SECRETARIA DE ESTADO DE JUSTICA E SEGURANCA PUBLICA;43;SUBVENCOES SOCIAIS;1;SUBVENCOES SOCIAIS;60;RECURSOS DIRETAMENTE ARRECADADOS;1565287,62;1565287,62;1565287,62
9321248;32;2026-02-23 00:00:00;ASSOC. DE PROT. E ASSIST. AO CONDENADO DE PEDRA AZUL;10.867.575/0001-60;1451;SEJUSP;SECRETARIA DE ESTADO DE JUSTICA E SEGURANCA PUBLICA;43;SUBVENCOES SOCIAIS;1;SUBVENCOES SOCIAIS;60;RECURSOS DIRETAMENTE ARRECADADOS;753717,2;753717,2;753717,2
9321249;5;2026-02-19 00:00:00;ASSOC. DE PROT. E ASSIST. AO CONDENADO DE ARAXA;23.370.836/0001-83;1451;SEJUSP;SECRETARIA DE ESTADO DE JUSTICA E SEGURANCA PUBLICA;43;SUBVENCOES SOCIAIS;1;SUBVENCOES SOCIAIS;60;RECURSOS DIRETAMENTE ARRECADADOS;976853,88;976853,88;976853,88
9321250;12;2026-02-19 00:00:00;ASSOC. DE PROT. E ASSIST. AO CONDENADO DE GOVERNADOR VALDARES;07.828.198/0001-45;1451;SEJUSP;SECRETARIA DE ESTADO DE JUSTICA E SEGURANCA PUBLICA;43;SUBVENCOES SOCIAIS;1;SUBVENCOES SOCIAIS;60;RECURSOS DIRETAMENTE ARRECADADOS;1192411,36;1192411,36;1192411,36
9321278;26;2026-02-23 00:00:00;ASSOCIACAO DE PROTECAO E ASSISTENCIA AOS CONDENADOS;07.625.655/0001-02;1451;SEJUSP;SECRETARIA DE ESTADO DE JUSTICA E SEGURANCA PUBLICA;43;SUBVENCOES SOCIAIS;1;SUBVENCOES SOCIAIS;60;RECURSOS DIRETAMENTE ARRECADADOS;1451257,5;1451257,5;1451257,5
9321306;9;2026-02-19 00:00:00;ASSOC. DE PROT. E ASSIST. AO CONDENADO DE CONS. LAFAIETE MASC.;05.890.676/0001-11;1451;SEJUSP;SECRETARIA DE ESTADO DE JUSTICA E SEGURANCA PUBLICA;43;SUBVENCOES SOCIAIS;1;SUBVENCOES SOCIAIS;60;RECURSOS DIRETAMENTE ARRECADADOS;2086171,02;2086171,02;2086171,02
9324301;24;2026-02-20 00:00:00;FRATERNIDADE BRASILEIRA DE ASSISTENCIA AOS CONDENADOS;01.528.418/0001-39;1451;SEJUSP;SECRETARIA DE ESTADO DE JUSTICA E SEGURANCA PUBLICA;43;SUBVENCOES SOCIAIS;1;SUBVENCOES SOCIAIS;60;RECURSOS DIRETAMENTE ARRECADADOS;1773134,16;1773134,16;1773134,16
9324361;59;2026-04-29 00:00:00;CENTRO DE APOIO FAMILIAR ESPECIALIZADO EM ALCOOL E DROGAS - CAFE-AD;33.812.095/0001-05;1451;SEJUSP;SECRETARIA DE ESTADO DE JUSTICA E SEGURANCA PUBLICA;43;SUBVENCOES SOCIAIS;1;SUBVENCOES SOCIAIS;10;RECURSOS ORDINARIOS - RECURSOS NAO VINCULADOS DE IMPOSTOS;40572,01;40572,01;40572,01
9327243;43;2026-03-16 00:00:00;ASSOCIACAO TATAME DO BEM;18.129.747/0001-00;1451;SEJUSP;SECRETARIA DE ESTADO DE JUSTICA E SEGURANCA PUBLICA;43;SUBVENCOES SOCIAIS;1;SUBVENCOES SOCIAIS;10;RECURSOS ORDINARIOS - RECURSOS NAO VINCULADOS DE IMPOSTOS;47440,25;47440,25;47440,25
9327315;42;2026-03-16 00:00:00;SER SERVICO EVANGELICO DE REABILITACAO;20.734.505/0001-97;1451;SEJUSP;SECRETARIA DE ESTADO DE JUSTICA E SEGURANCA PUBLICA;43;SUBVENCOES SOCIAIS;1;SUBVENCOES SOCIAIS;10;RECURSOS ORDINARIOS - RECURSOS NAO VINCULADOS DE IMPOSTOS;11918,31;11918,31;11918,31
9327529;74;2026-05-20 00:00:00;ASSOCIACAO PONTO CULTURAL;05.768.787/0001-50;1451;SEJUSP;SECRETARIA DE ESTADO DE JUSTICA E SEGURANCA PUBLICA;43;SUBVENCOES SOCIAIS;1;SUBVENCOES SOCIAIS;10;RECURSOS ORDINARIOS - RECURSOS NAO VINCULADOS DE IMPOSTOS;40390,05;40390,05;40390,05
9342459;1384;2026-06-10 00:00:00;PM PEDRA DOURADA;18.114.215/0001-07;1261;SEE;SECRETARIA DE ESTADO DE EDUCACAO;42;AUXILIOS;1;AUXILIOS;10;RECURSOS ORDINARIOS - RECURSOS NAO VINCULADOS DE IMPOSTOS;985111,3;985111,3;985111,3
9342814;2488;2026-06-22 00:00:00;PM SIMONESIA;18.385.120/0001-10;1261;SEE;SECRETARIA DE ESTADO DE EDUCACAO;42;AUXILIOS;1;AUXILIOS;10;RECURSOS ORDINARIOS - RECURSOS NAO VINCULADOS DE IMPOSTOS;1277985,51;1277985,51;1277985,51
9342948;10;2026-02-19 00:00:00;APAC DE ALMENARA;27.969.868/0001-50;1451;SEJUSP;SECRETARIA DE ESTADO DE JUSTICA E SEGURANCA PUBLICA;43;SUBVENCOES SOCIAIS;1;SUBVENCOES SOCIAIS;60;RECURSOS DIRETAMENTE ARRECADADOS;849593,39;849593,39;849593,39
9346138;22;2026-02-24 00:00:00;AAMAR SANTANA DO PARAISO - VALE DO ACO;07.713.494/0001-09;1451;SEJUSP;SECRETARIA DE ESTADO DE JUSTICA E SEGURANCA PUBLICA;43;SUBVENCOES SOCIAIS;1;SUBVENCOES SOCIAIS;10;RECURSOS ORDINARIOS - RECURSOS NAO VINCULADOS DE IMPOSTOS;86203,64;86203,64;86203,64
9346142;23;2026-02-24 00:00:00;ASSOCIACAO DE ACOLHIMENTO AOS DEPENDENTES QUIMICOS E FAMILIARES - ADQF;07.856.329/0001-06;1451;SEJUSP;SECRETARIA DE ESTADO DE JUSTICA E SEGURANCA PUBLICA;43;SUBVENCOES SOCIAIS;1;SUBVENCOES SOCIAIS;10;RECURSOS ORDINARIOS - RECURSOS NAO VINCULADOS DE IMPOSTOS;105897,7;105897,7;105897,7
9346143;16;2026-02-23 00:00:00;INSTITUTO PEDAGOGICO TERRA SANTA;10.190.408/0001-27;1451;SEJUSP;SECRETARIA DE ESTADO DE JUSTICA E SEGURANCA PUBLICA;43;SUBVENCOES SOCIAIS;1;SUBVENCOES SOCIAIS;10;RECURSOS ORDINARIOS - RECURSOS NAO VINCULADOS DE IMPOSTOS;85110,8;85110,8;85110,8
9346144;21;2026-02-24 00:00:00;ASSOCIACAO DA DIVINA MISERICORDIA;06.118.216/0001-32;1451;SEJUSP;SECRETARIA DE ESTADO DE JUSTICA E SEGURANCA PUBLICA;43;SUBVENCOES SOCIAIS;1;SUBVENCOES SOCIAIS;10;RECURSOS ORDINARIOS - RECURSOS NAO VINCULADOS DE IMPOSTOS;136244,58;136244,58;136244,58
9346145;72;2026-05-13 00:00:00;INSTITUTO HERDAR;09.047.452/0001-01;1451;SEJUSP;SECRETARIA DE ESTADO DE JUSTICA E SEGURANCA PUBLICA;43;SUBVENCOES SOCIAIS;1;SUBVENCOES SOCIAIS;10;RECURSOS ORDINARIOS - RECURSOS NAO VINCULADOS DE IMPOSTOS;74839,78;74839,78;0,0
9346146;62;2026-04-30 00:00:00;INSTITUTO JURIDICO PARA EFETIVACAO DA CIDADANIA - MINAS GERAIS IJUCI/M;03.893.350/0001-12;1451;SEJUSP;SECRETARIA DE ESTADO DE JUSTICA E SEGURANCA PUBLICA;43;SUBVENCOES SOCIAIS;1;SUBVENCOES SOCIAIS;10;RECURSOS ORDINARIOS - RECURSOS NAO VINCULADOS DE IMPOSTOS;36010,26;36010,26;36010,26
9369505;8;2026-02-19 00:00:00;ASSOC. DE PROT. E ASSIST. A CONDENADA DE CONS. LAFAIETE FEM.;26.397.050/0001-48;1451;SEJUSP;SECRETARIA DE ESTADO DE JUSTICA E SEGURANCA PUBLICA;43;SUBVENCOES SOCIAIS;1;SUBVENCOES SOCIAIS;60;RECURSOS DIRETAMENTE ARRECADADOS;855527,58;855527,58;855527,58
9370690;52;2026-04-13 00:00:00;APAC BETIM;12.267.378/0001-35;1451;SEJUSP;SECRETARIA DE ESTADO DE JUSTICA E SEGURANCA PUBLICA;43;SUBVENCOES SOCIAIS;1;SUBVENCOES SOCIAIS;60;RECURSOS DIRETAMENTE ARRECADADOS;1450665,84;1450665,84;1450665,84
9374668;2;2026-02-19 00:00:00;APAC DE NEPOMUCENO;33.266.010/0001-22;1451;SEJUSP;SECRETARIA DE ESTADO DE JUSTICA E SEGURANCA PUBLICA;43;SUBVENCOES SOCIAIS;1;SUBVENCOES SOCIAIS;60;RECURSOS DIRETAMENTE ARRECADADOS;897700,64;897700,64;897700,64
9383298;56;2026-04-13 00:00:00;APAC DE VARGINHA;20.392.940/0001-80;1451;SEJUSP;SECRETARIA DE ESTADO DE JUSTICA E SEGURANCA PUBLICA;43;SUBVENCOES SOCIAIS;1;SUBVENCOES SOCIAIS;60;RECURSOS DIRETAMENTE ARRECADADOS;480693,56;480693,56;480693,56
9383387;55;2026-04-13 00:00:00;APAC MANHUMIRIM;08.793.992/0001-63;1451;SEJUSP;SECRETARIA DE ESTADO DE JUSTICA E SEGURANCA PUBLICA;43;SUBVENCOES SOCIAIS;1;SUBVENCOES SOCIAIS;60;RECURSOS DIRETAMENTE ARRECADADOS;637440,92;637440,92;637440,92
9383388;53;2026-04-13 00:00:00;APAC DE DIVINOPOLIS;23.765.068/0001-67;1451;SEJUSP;SECRETARIA DE ESTADO DE JUSTICA E SEGURANCA PUBLICA;43;SUBVENCOES SOCIAIS;1;SUBVENCOES SOCIAIS;60;RECURSOS DIRETAMENTE ARRECADADOS;897294,24;897294,24;897294,24
9385560;54;2026-04-13 00:00:00;APAC DE ITABIRA;07.412.104/0001-52;1451;SEJUSP;SECRETARIA DE ESTADO DE JUSTICA E SEGURANCA PUBLICA;43;SUBVENCOES SOCIAIS;1;SUBVENCOES SOCIAIS;60;RECURSOS DIRETAMENTE ARRECADADOS;610366,52;610366,52;610366,52
9386210;13;2026-02-19 00:00:00;APAC ITABIRITO;07.329.062/0001-90;1451;SEJUSP;SECRETARIA DE ESTADO DE JUSTICA E SEGURANCA PUBLICA;43;SUBVENCOES SOCIAIS;1;SUBVENCOES SOCIAIS;60;RECURSOS DIRETAMENTE ARRECADADOS;1017650,4;1017650,4;1017650,4
9389497;213;2026-04-13 00:00:00;ASSOCACAO PARCERIA DE JUIZ DE FORA;09.442.308/0001-61;1371;SEMAD;SECRETARIA DE ESTADO DE MEIO AMBIENTE E DESENVOLVIMENTO SUSTENTAVEL;41;CONTRIBUICOES;1;CONTRIBUICOES;10;RECURSOS ORDINARIOS - RECURSOS NAO VINCULADOS DE IMPOSTOS;9199640,0;9199640,0;9199640,0
9390147;48;2026-03-10 00:00:00;APAC GUANHAES;17.019.851/0001-89;1451;SEJUSP;SECRETARIA DE ESTADO DE JUSTICA E SEGURANCA PUBLICA;43;SUBVENCOES SOCIAIS;1;SUBVENCOES SOCIAIS;60;RECURSOS DIRETAMENTE ARRECADADOS;1217320,08;1217320,08;608660,04
9390284;47;2026-03-10 00:00:00;APAC CONCEICAO DAS ALAGOAS;31.983.255/0001-45;1451;SEJUSP;SECRETARIA DE ESTADO DE JUSTICA E SEGURANCA PUBLICA;43;SUBVENCOES SOCIAIS;1;SUBVENCOES SOCIAIS;60;RECURSOS DIRETAMENTE ARRECADADOS;1133472,24;1133472,24;566736,12
9390330;46;2026-03-10 00:00:00;APAC VISCONDE DO RIO BRANCO;30.471.573/0001-64;1451;SEJUSP;SECRETARIA DE ESTADO DE JUSTICA E SEGURANCA PUBLICA;43;SUBVENCOES SOCIAIS;1;SUBVENCOES SOCIAIS;60;RECURSOS DIRETAMENTE ARRECADADOS;1219221,84;1219221,84;609610,92
9396689;246;2026-03-31 00:00:00;ASSOCIACAO DE PAIS E AMIGOS DOS EXCEPCIONAIS;20.288.940/0001-35;4251;FEAS;FUNDO ESTADUAL DE ASSISTENCIA SOCIAL;43;SUBVENCOES SOCIAIS;1;SUBVENCOES SOCIAIS;71;RECURSOS DO FUNDO ESTADUAL DE ERRADICACAO DA MISERIA;112179,05;112179,05;112179,05
9396776;262;2026-04-01 00:00:00;ASS DE PAIS E AMIGOS DOS EXCEPCIONAIS DE PARA DE MINAS;18.416.891/0001-27;4251;FEAS;FUNDO ESTADUAL DE ASSISTENCIA SOCIAL;43;SUBVENCOES SOCIAIS;1;SUBVENCOES SOCIAIS;71;RECURSOS DO FUNDO ESTADUAL DE ERRADICACAO DA MISERIA;96153,47;96153,47;96153,47
9396777;254;2026-03-31 00:00:00;INSTITUTO SANTA MONICA;16.813.263/0001-50;4251;FEAS;FUNDO ESTADUAL DE ASSISTENCIA SOCIAL;43;SUBVENCOES SOCIAIS;1;SUBVENCOES SOCIAIS;71;RECURSOS DO FUNDO ESTADUAL DE ERRADICACAO DA MISERIA;256409,27;256409,27;256409,27
9396778;255;2026-03-31 00:00:00;AASOCIACAO DE PAIS E AMIGOS DOS EXCEPCIONAIS DE LAGOA DA PRATA;20.897.203/0001-30;4251;FEAS;FUNDO ESTADUAL DE ASSISTENCIA SOCIAL;43;SUBVENCOES SOCIAIS;1;SUBVENCOES SOCIAIS;71;RECURSOS DO FUNDO ESTADUAL DE ERRADICACAO DA MISERIA;240383,69;240383,69;240383,69
9396785;253;2026-03-31 00:00:00;ASSOCIACAO DE PAIS E AMIGOS DOS EXCEPCIONAIS - APAE;17.862.038/0001-76;4251;FEAS;FUNDO ESTADUAL DE ASSISTENCIA SOCIAL;43;SUBVENCOES SOCIAIS;1;SUBVENCOES SOCIAIS;71;RECURSOS DO FUNDO ESTADUAL DE ERRADICACAO DA MISERIA;224358,11;224358,11;224358,11
9396786;261;2026-04-01 00:00:00;ASSOCIACAO DE PAIS E AMIGOS DOS EXCEPCIONAIS DE NEPOMUCENO;19.016.211/0001-40;4251;FEAS;FUNDO ESTADUAL DE ASSISTENCIA SOCIAL;43;SUBVENCOES SOCIAIS;1;SUBVENCOES SOCIAIS;71;RECURSOS DO FUNDO ESTADUAL DE ERRADICACAO DA MISERIA;96153,47;96153,47;96153,47
9396804;249;2026-03-31 00:00:00;ASSOCIACAO DOS PAIS E AMIGOS DOS EXCEPCIONAIS;00.298.396/0001-03;4251;FEAS;FUNDO ESTADUAL DE ASSISTENCIA SOCIAL;43;SUBVENCOES SOCIAIS;1;SUBVENCOES SOCIAIS;71;RECURSOS DO FUNDO ESTADUAL DE ERRADICACAO DA MISERIA;256409,27;256409,27;256409,27
9396805;260;2026-04-01 00:00:00;APAE ASSOCIACAO DE PAIS E AMIGOS DE EXCEPCIONAIS DE MONTES CLAROS;21.353.925/0001-96;4251;FEAS;FUNDO ESTADUAL DE ASSISTENCIA SOCIAL;43;SUBVENCOES SOCIAIS;1;SUBVENCOES SOCIAIS;71;RECURSOS DO FUNDO ESTADUAL DE ERRADICACAO DA MISERIA;160255,79;160255,79;160255,79
9396808;247;2026-03-31 00:00:00;ASSOCIACAO DE PAIS E AMIGOS DOS EXCEPCIONAIS DE BELO HORIZONTE - APAE;18.216.366/0001-68;4251;FEAS;FUNDO ESTADUAL DE ASSISTENCIA SOCIAL;43;SUBVENCOES SOCIAIS;1;SUBVENCOES SOCIAIS;71;RECURSOS DO FUNDO ESTADUAL DE ERRADICACAO DA MISERIA;913458,01;913458,01;913458,01
9396809;257;2026-03-31 00:00:00;ASSOC PAIS E AMIGOS DOS EXCEPCIONAIS;20.900.981/0001-30;4251;FEAS;FUNDO ESTADUAL DE ASSISTENCIA SOCIAL;43;SUBVENCOES SOCIAIS;1;SUBVENCOES SOCIAIS;71;RECURSOS DO FUNDO ESTADUAL DE ERRADICACAO DA MISERIA;96153,47;96153,47;96153,47
9396810;265;2026-04-01 00:00:00;ASSOCIACAO DE PAIS E AMIGOS DOS EXCEPCIONAIS;73.874.646/0001-71;4251;FEAS;FUNDO ESTADUAL DE ASSISTENCIA SOCIAL;43;SUBVENCOES SOCIAIS;1;SUBVENCOES SOCIAIS;71;RECURSOS DO FUNDO ESTADUAL DE ERRADICACAO DA MISERIA;256409,27;256409,27;256409,27
9396811;263;2026-04-01 00:00:00;ASSOCIACAO DE PAIS E AMIGOS DOS EXCEPCIONAIS DE PRADOS;26.118.448/0001-06;4251;FEAS;FUNDO ESTADUAL DE ASSISTENCIA SOCIAL;43;SUBVENCOES SOCIAIS;1;SUBVENCOES SOCIAIS;71;RECURSOS DO FUNDO ESTADUAL DE ERRADICACAO DA MISERIA;112179,05;112179,05;112179,05
9396897;256;2026-03-31 00:00:00;APAE LAGOA DOURADA;04.448.905/0001-80;4251;FEAS;FUNDO ESTADUAL DE ASSISTENCIA SOCIAL;43;SUBVENCOES SOCIAIS;1;SUBVENCOES SOCIAIS;71;RECURSOS DO FUNDO ESTADUAL DE ERRADICACAO DA MISERIA;128204,63;128204,63;128204,63
9397796;250;2026-03-31 00:00:00;APAE FRUTAL;20.043.493/0001-54;4251;FEAS;FUNDO ESTADUAL DE ASSISTENCIA SOCIAL;43;SUBVENCOES SOCIAIS;1;SUBVENCOES SOCIAIS;71;RECURSOS DO FUNDO ESTADUAL DE ERRADICACAO DA MISERIA;144230,21;144230,21;144230,21
9397799;252;2026-03-31 00:00:00;ASSOCIACAO DOS PAIS E AMIGOS DOS EXCEPCIONAIS;18.299.354/0001-44;4251;FEAS;FUNDO ESTADUAL DE ASSISTENCIA SOCIAL;43;SUBVENCOES SOCIAIS;1;SUBVENCOES SOCIAIS;71;RECURSOS DO FUNDO ESTADUAL DE ERRADICACAO DA MISERIA;256409,27;256409,27;256409,27
9397843;258;2026-03-31 00:00:00;ASSOCIACAO DE PAIS E AMIGOS DOS EXCEPCIONAIS;00.662.901/0001-49;4251;FEAS;FUNDO ESTADUAL DE ASSISTENCIA SOCIAL;43;SUBVENCOES SOCIAIS;1;SUBVENCOES SOCIAIS;71;RECURSOS DO FUNDO ESTADUAL DE ERRADICACAO DA MISERIA;160255,79;160255,79;160255,79
9397922;248;2026-03-31 00:00:00;ASSOCOACAO DE PAIS E AMIGOS DOS EXCEPCIONAIS DE CRISTAIS;23.775.059/0001-57;4251;FEAS;FUNDO ESTADUAL DE ASSISTENCIA SOCIAL;43;SUBVENCOES SOCIAIS;1;SUBVENCOES SOCIAIS;71;RECURSOS DO FUNDO ESTADUAL DE ERRADICACAO DA MISERIA;256409,27;256409,27;256409,27
9397923;266;2026-04-01 00:00:00;ASSOCIACAO DE PAIS E AMIGOS DOS EXCEPCIONAIS - APAE;23.098.924/0001-78;4251;FEAS;FUNDO ESTADUAL DE ASSISTENCIA SOCIAL;43;SUBVENCOES SOCIAIS;1;SUBVENCOES SOCIAIS;71;RECURSOS DO FUNDO ESTADUAL DE ERRADICACAO DA MISERIA;224358,11;224358,11;224358,11
9397958;264;2026-04-01 00:00:00;ASSOCIACAO DE PAIS E AMIGOS DOS EXCEPCIONAIS DE PRATA;18.475.731/0001-59;4251;FEAS;FUNDO ESTADUAL DE ASSISTENCIA SOCIAL;43;SUBVENCOES SOCIAIS;1;SUBVENCOES SOCIAIS;71;RECURSOS DO FUNDO ESTADUAL DE ERRADICACAO DA MISERIA;128204,63;128204,63;128204,63
9403814;1417;2026-06-18 00:00:00;APAE ITURAMA;23.368.145/0001-45;4251;FEAS;FUNDO ESTADUAL DE ASSISTENCIA SOCIAL;43;SUBVENCOES SOCIAIS;1;SUBVENCOES SOCIAIS;71;RECURSOS DO FUNDO ESTADUAL DE ERRADICACAO DA MISERIA;128204,63;128204,63;128204,63
9405870;542;2026-07-02 00:00:00;PM DIVINOPOLIS;18.291.351/0001-64;1481;SEDESE;SECRETARIA DE ESTADO DE DESENVOLVIMENTO SOCIAL;42;AUXILIOS;1;AUXILIOS;15;RECURSOS ORDINARIOS - OUTROS RECURSOS NAO VINCULADOS;100000,0;100000,0;100000,0
9406319;11;2026-02-19 00:00:00;ASSOCIACAO DE PROTECAO E ASSISTENCIA AOS CONDENADOS - FRUTAL/MG;07.409.988/0001-96;1451;SEJUSP;SECRETARIA DE ESTADO DE JUSTICA E SEGURANCA PUBLICA;43;SUBVENCOES SOCIAIS;1;SUBVENCOES SOCIAIS;60;RECURSOS DIRETAMENTE ARRECADADOS;1383328,16;1383328,16;1383328,16
9407479;1420;2026-06-18 00:00:00;APAE DE LAMBARI;21.404.397/0001-57;4251;FEAS;FUNDO ESTADUAL DE ASSISTENCIA SOCIAL;43;SUBVENCOES SOCIAIS;1;SUBVENCOES SOCIAIS;71;RECURSOS DO FUNDO ESTADUAL DE ERRADICACAO DA MISERIA;96153,47;96153,47;96153,47
9407504;1419;2026-06-18 00:00:00;APAE DE FLORESTAL;00.215.385/0001-04;4251;FEAS;FUNDO ESTADUAL DE ASSISTENCIA SOCIAL;43;SUBVENCOES SOCIAIS;1;SUBVENCOES SOCIAIS;71;RECURSOS DO FUNDO ESTADUAL DE ERRADICACAO DA MISERIA;128204,63;128204,63;128204,63
9407995;1421;2026-06-18 00:00:00;FUNDACAO GREGORIO F. BAREMBLITT;26.034.397/0001-26;4251;FEAS;FUNDO ESTADUAL DE ASSISTENCIA SOCIAL;43;SUBVENCOES SOCIAIS;1;SUBVENCOES SOCIAIS;71;RECURSOS DO FUNDO ESTADUAL DE ERRADICACAO DA MISERIA;320511,58;320511,58;320511,58
9408084;201;2026-07-06 00:00:00;PM CAETE;18.302.299/0001-02;1221;SEDE;SECRETARIA DE ESTADO DE DESENVOLVIMENTO ECONOMICO;41;CONTRIBUICOES;1;CONTRIBUICOES;32;EXPLORACAO DE RECURSOS MINERAIS;270000,0;270000,0;270000,0
9408304;222;2026-03-20 00:00:00;NUCLEO ASSISTENCIAL CAMINHOS PARA JESUS;17.391.822/0001-43;4251;FEAS;FUNDO ESTADUAL DE ASSISTENCIA SOCIAL;43;SUBVENCOES SOCIAIS;1;SUBVENCOES SOCIAIS;71;RECURSOS DO FUNDO ESTADUAL DE ERRADICACAO DA MISERIA;135200,0;135200,0;135200,0
9424341;887;2026-03-05 00:00:00;PM BAMBUI;20.920.567/0001-93;1261;SEE;SECRETARIA DE ESTADO DE EDUCACAO;42;AUXILIOS;1;AUXILIOS;10;RECURSOS ORDINARIOS - RECURSOS NAO VINCULADOS DE IMPOSTOS;230000,0;230000,0;230000,0
9430864;1430;2026-06-30 00:00:00;PM FELIXLANDIA;17.695.032/0001-51;1301;SEINFRA;SECRETARIA DE ESTADO DE INFRAESTRUTURA, MOBILIDADE E PARCERIAS;42;AUXILIOS;1;AUXILIOS;95;RECURSOS RECEBIDOS POR DANOS ADVINDOS DE DESASTRES SOCIOAMBIENTAIS;0,0;0,0;0,0
9430864;1468;2026-07-01 00:00:00;PM FELIXLANDIA;17.695.032/0001-51;1301;SEINFRA;SECRETARIA DE ESTADO DE INFRAESTRUTURA, MOBILIDADE E PARCERIAS;42;AUXILIOS;1;AUXILIOS;95;RECURSOS RECEBIDOS POR DANOS ADVINDOS DE DESASTRES SOCIOAMBIENTAIS;1843438,72;1843438,72;1843438,72
9439858;40;2026-05-28 00:00:00;INSTITUTO DH:PROMOCAO, PESQUISA E INTERVENCAO EM DIREITOS HUMANOS E CI;09.583.515/0001-36;1481;SEDESE;SECRETARIA DE ESTADO DE DESENVOLVIMENTO SOCIAL;43;SUBVENCOES SOCIAIS;1;SUBVENCOES SOCIAIS;10;RECURSOS ORDINARIOS - RECURSOS NAO VINCULADOS DE IMPOSTOS;1200000,0;1200000,0;1200000,0
9445588;49;2026-03-10 00:00:00;ASSOC. DE PROT. E ASSIST. AOS CONENADOS DE SANTA LUZIA;05.125.426/0001-95;1451;SEJUSP;SECRETARIA DE ESTADO DE JUSTICA E SEGURANCA PUBLICA;43;SUBVENCOES SOCIAIS;1;SUBVENCOES SOCIAIS;60;RECURSOS DIRETAMENTE ARRECADADOS;2026277,82;2026277,82;2026277,82
9459075;1275;2026-05-26 00:00:00;CRECHE BOM PASTOR;16.749.426/0001-82;4251;FEAS;FUNDO ESTADUAL DE ASSISTENCIA SOCIAL;43;SUBVENCOES SOCIAIS;1;SUBVENCOES SOCIAIS;71;RECURSOS DO FUNDO ESTADUAL DE ERRADICACAO DA MISERIA;27729,0;27729,0;27729,0
9459839;338;2026-07-01 00:00:00;ASSOCACAO PARCERIA DE JUIZ DE FORA;09.442.308/0001-61;1371;SEMAD;SECRETARIA DE ESTADO DE MEIO AMBIENTE E DESENVOLVIMENTO SUSTENTAVEL;41;CONTRIBUICOES;1;CONTRIBUICOES;10;RECURSOS ORDINARIOS - RECURSOS NAO VINCULADOS DE IMPOSTOS;3500000,0;3500000,0;3500000,0
9459841;209;2026-04-09 00:00:00;AJUDA-ALIANCA JUIZFORANA PELA DEFESA DOS ANIMAIS;06.251.518/0001-84;1371;SEMAD;SECRETARIA DE ESTADO DE MEIO AMBIENTE E DESENVOLVIMENTO SUSTENTAVEL;41;CONTRIBUICOES;1;CONTRIBUICOES;10;RECURSOS ORDINARIOS - RECURSOS NAO VINCULADOS DE IMPOSTOS;9309600,0;9309600,0;9309600,0
9459912;51;2026-04-10 00:00:00;APAC DE BELO HORIZONTE;26.145.510/0001-40;1451;SEJUSP;SECRETARIA DE ESTADO DE JUSTICA E SEGURANCA PUBLICA;43;SUBVENCOES SOCIAIS;1;SUBVENCOES SOCIAIS;60;RECURSOS DIRETAMENTE ARRECADADOS;1244645,48;1244645,48;1244645,48
9460654;293;2026-06-24 00:00:00;AJUDA-ALIANCA JUIZFORANA PELA DEFESA DOS ANIMAIS;06.251.518/0001-84;1371;SEMAD;SECRETARIA DE ESTADO DE MEIO AMBIENTE E DESENVOLVIMENTO SUSTENTAVEL;41;CONTRIBUICOES;1;CONTRIBUICOES;10;RECURSOS ORDINARIOS - RECURSOS NAO VINCULADOS DE IMPOSTOS;508006,67;508006,67;508006,67
9472629;208;2026-04-09 00:00:00;ASSOCACAO PARCERIA DE JUIZ DE FORA;09.442.308/0001-61;1371;SEMAD;SECRETARIA DE ESTADO DE MEIO AMBIENTE E DESENVOLVIMENTO SUSTENTAVEL;41;CONTRIBUICOES;1;CONTRIBUICOES;10;RECURSOS ORDINARIOS - RECURSOS NAO VINCULADOS DE IMPOSTOS;3299950,0;3299950,0;3299950,0
9472630;297;2026-06-24 00:00:00;SOCIEDADE JUIZFORENSE DE PROTECAO AOS ANIMAIS E AO MEIO AMBIENTE;20.460.556/0001-78;1371;SEMAD;SECRETARIA DE ESTADO DE MEIO AMBIENTE E DESENVOLVIMENTO SUSTENTAVEL;41;CONTRIBUICOES;1;CONTRIBUICOES;10;RECURSOS ORDINARIOS - RECURSOS NAO VINCULADOS DE IMPOSTOS;100000,0;100000,0;100000,0
9473145;43;2026-06-01 00:00:00;INSTITUTO JURIDICO PARA EFETIVACAO DA CIDADANIA - MINAS GERAIS IJUCI/M;03.893.350/0001-12;1481;SEDESE;SECRETARIA DE ESTADO DE DESENVOLVIMENTO SOCIAL;43;SUBVENCOES SOCIAIS;1;SUBVENCOES SOCIAIS;71;RECURSOS DO FUNDO ESTADUAL DE ERRADICACAO DA MISERIA;1500318,89;1500318,89;1500318,89
9480257;4;2026-02-19 00:00:00;ASSOC. DE PROT. E ASSIST. AO CONDENADO DE ALFENAS;04.926.925/0001-19;1451;SEJUSP;SECRETARIA DE ESTADO DE JUSTICA E SEGURANCA PUBLICA;43;SUBVENCOES SOCIAIS;1;SUBVENCOES SOCIAIS;60;RECURSOS DIRETAMENTE ARRECADADOS;1404520,4;1404520,4;1404520,4
9481160;3722;2026-05-12 00:00:00;ASSOCIACAO MARIO PENNA;17.513.235/0001-80;4291;FES;FUNDO ESTADUAL DE SAUDE;42;AUXILIOS;1;AUXILIOS;95;RECURSOS RECEBIDOS POR DANOS ADVINDOS DE DESASTRES SOCIOAMBIENTAIS;14368562,87;4204506,03;4204506,03
9484431;15;2026-02-19 00:00:00;APAC JANAUBA;23.119.309/0001-09;1451;SEJUSP;SECRETARIA DE ESTADO DE JUSTICA E SEGURANCA PUBLICA;43;SUBVENCOES SOCIAIS;1;SUBVENCOES SOCIAIS;60;RECURSOS DIRETAMENTE ARRECADADOS;0,0;0,0;0,0
9484431;45;2026-02-25 00:00:00;APAC JANAUBA;23.119.309/0001-09;1451;SEJUSP;SECRETARIA DE ESTADO DE JUSTICA E SEGURANCA PUBLICA;43;SUBVENCOES SOCIAIS;1;SUBVENCOES SOCIAIS;60;RECURSOS DIRETAMENTE ARRECADADOS;353068,71;353068,71;353068,71
9485454;3;2026-02-19 00:00:00;APAC JAIBA;09.594.489/0001-41;1451;SEJUSP;SECRETARIA DE ESTADO DE JUSTICA E SEGURANCA PUBLICA;43;SUBVENCOES SOCIAIS;1;SUBVENCOES SOCIAIS;60;RECURSOS DIRETAMENTE ARRECADADOS;0,0;0,0;0,0
9485454;44;2026-02-25 00:00:00;APAC JAIBA;09.594.489/0001-41;1451;SEJUSP;SECRETARIA DE ESTADO DE JUSTICA E SEGURANCA PUBLICA;43;SUBVENCOES SOCIAIS;1;SUBVENCOES SOCIAIS;60;RECURSOS DIRETAMENTE ARRECADADOS;353068,71;353068,71;353068,71
9485587;1;2026-05-15 00:00:00;AFS INTERCULTURA BRASIL;72.036.825/0001-77;1261;SEE;SECRETARIA DE ESTADO DE EDUCACAO;43;SUBVENCOES SOCIAIS;1;SUBVENCOES SOCIAIS;10;RECURSOS ORDINARIOS - RECURSOS NAO VINCULADOS DE IMPOSTOS;10187316,68;10187316,68;10187316,68
9485587;73;2026-03-26 00:00:00;AFS INTERCULTURA BRASIL;72.036.825/0001-77;2151;FHA;FUNDACAO HELENA ANTIPOFF;43;SUBVENCOES SOCIAIS;1;SUBVENCOES SOCIAIS;10;RECURSOS ORDINARIOS - RECURSOS NAO VINCULADOS DE IMPOSTOS;2500000,0;2500000,0;2500000,0
9489089;210;2026-04-09 00:00:00;ASSOCACAO PARCERIA DE JUIZ DE FORA;09.442.308/0001-61;1371;SEMAD;SECRETARIA DE ESTADO DE MEIO AMBIENTE E DESENVOLVIMENTO SUSTENTAVEL;41;CONTRIBUICOES;1;CONTRIBUICOES;10;RECURSOS ORDINARIOS - RECURSOS NAO VINCULADOS DE IMPOSTOS;1250000,0;1250000,0;1250000,0
9490950;300;2026-06-25 00:00:00;ASORIPA ASSOCIACAO RIO-BRANQUENSE DE PROTECAO AOS ANIMAIS;03.784.082/0001-09;1371;SEMAD;SECRETARIA DE ESTADO DE MEIO AMBIENTE E DESENVOLVIMENTO SUSTENTAVEL;41;CONTRIBUICOES;1;CONTRIBUICOES;10;RECURSOS ORDINARIOS - RECURSOS NAO VINCULADOS DE IMPOSTOS;150000,0;150000,0;150000,0
9492116;211;2026-04-09 00:00:00;INSTITUTO FEDERAL DE EDUCACAO, CIENCIA E TECNOLOGIA DO SUL DE MINAS GE;10.648.539/0001-05;1371;SEMAD;SECRETARIA DE ESTADO DE MEIO AMBIENTE E DESENVOLVIMENTO SUSTENTAVEL;41;CONTRIBUICOES;1;CONTRIBUICOES;15;RECURSOS ORDINARIOS - OUTROS RECURSOS NAO VINCULADOS;0,0;0,0;0,0
9492116;220;2026-04-16 00:00:00;INSTITUTO FEDERAL DE EDUCACAO, CIENCIA E TECNOLOGIA DO SUL DE MINAS GE;10.648.539/0001-05;1371;SEMAD;SECRETARIA DE ESTADO DE MEIO AMBIENTE E DESENVOLVIMENTO SUSTENTAVEL;41;CONTRIBUICOES;1;CONTRIBUICOES;15;RECURSOS ORDINARIOS - OUTROS RECURSOS NAO VINCULADOS;0,0;0,0;0,0
9492296;89;2026-04-17 00:00:00;PM FAMA;18.243.253/0001-51;1231;SEAPA;SECRETARIA DE ESTADO DE AGRICULTURA, PECUARIA E ABASTECIMENTO;41;CONTRIBUICOES;1;CONTRIBUICOES;15;RECURSOS ORDINARIOS - OUTROS RECURSOS NAO VINCULADOS;600000,0;600000,0;600000,0
9492815;309;2026-06-26 00:00:00;ASSOCACAO PARCERIA DE JUIZ DE FORA;09.442.308/0001-61;1371;SEMAD;SECRETARIA DE ESTADO DE MEIO AMBIENTE E DESENVOLVIMENTO SUSTENTAVEL;41;CONTRIBUICOES;1;CONTRIBUICOES;10;RECURSOS ORDINARIOS - RECURSOS NAO VINCULADOS DE IMPOSTOS;110000,0;110000,0;110000,0
9492815;311;2026-06-29 00:00:00;ASSOCACAO PARCERIA DE JUIZ DE FORA;09.442.308/0001-61;1371;SEMAD;SECRETARIA DE ESTADO DE MEIO AMBIENTE E DESENVOLVIMENTO SUSTENTAVEL;41;CONTRIBUICOES;1;CONTRIBUICOES;10;RECURSOS ORDINARIOS - RECURSOS NAO VINCULADOS DE IMPOSTOS;1640810,0;1640810,0;1640810,0
9492977;886;2026-03-05 00:00:00;PM CONCEICAO DO PARA;18.315.200/0001-07;1261;SEE;SECRETARIA DE ESTADO DE EDUCACAO;42;AUXILIOS;1;AUXILIOS;10;RECURSOS ORDINARIOS - RECURSOS NAO VINCULADOS DE IMPOSTOS;250000,0;250000,0;250000,0
9492990;901;2026-03-06 00:00:00;PM INGAI;18.244.319/0001-28;1261;SEE;SECRETARIA DE ESTADO DE EDUCACAO;42;AUXILIOS;1;AUXILIOS;10;RECURSOS ORDINARIOS - RECURSOS NAO VINCULADOS DE IMPOSTOS;1480905,33;1480905,33;1480905,33
9492993;881;2026-03-05 00:00:00;PM PEQUI;18.313.874/0001-64;1261;SEE;SECRETARIA DE ESTADO DE EDUCACAO;42;AUXILIOS;1;AUXILIOS;10;RECURSOS ORDINARIOS - RECURSOS NAO VINCULADOS DE IMPOSTOS;938793,55;938793,55;938793,55
9492995;883;2026-03-05 00:00:00;PM MONTE ALEGRE DE MINAS;18.431.155/0001-48;1261;SEE;SECRETARIA DE ESTADO DE EDUCACAO;42;AUXILIOS;1;AUXILIOS;10;RECURSOS ORDINARIOS - RECURSOS NAO VINCULADOS DE IMPOSTOS;307845,01;307845,01;307845,01
9492997;884;2026-03-05 00:00:00;PM SILVIANOPOLIS;18.675.942/0001-35;1261;SEE;SECRETARIA DE ESTADO DE EDUCACAO;42;AUXILIOS;1;AUXILIOS;10;RECURSOS ORDINARIOS - RECURSOS NAO VINCULADOS DE IMPOSTOS;510959,93;510959,93;510959,93
9492998;902;2026-03-06 00:00:00;PM TAPIRA;18.140.806/0001-40;1261;SEE;SECRETARIA DE ESTADO DE EDUCACAO;42;AUXILIOS;1;AUXILIOS;10;RECURSOS ORDINARIOS - RECURSOS NAO VINCULADOS DE IMPOSTOS;800000,0;800000,0;800000,0
9492999;903;2026-03-06 00:00:00;PM ARAGUARI;16.829.640/0001-49;1261;SEE;SECRETARIA DE ESTADO DE EDUCACAO;42;AUXILIOS;1;AUXILIOS;10;RECURSOS ORDINARIOS - RECURSOS NAO VINCULADOS DE IMPOSTOS;5470207,88;5470207,88;5470207,88
9493002;885;2026-03-05 00:00:00;PM SAO PEDRO DO SUACUI;18.409.243/0001-43;1261;SEE;SECRETARIA DE ESTADO DE EDUCACAO;42;AUXILIOS;1;AUXILIOS;10;RECURSOS ORDINARIOS - RECURSOS NAO VINCULADOS DE IMPOSTOS;400000,0;400000,0;400000,0
9493048;873;2026-03-05 00:00:00;PM OLIVEIRA FORTES;17.747.957/0001-07;1261;SEE;SECRETARIA DE ESTADO DE EDUCACAO;42;AUXILIOS;1;AUXILIOS;10;RECURSOS ORDINARIOS - RECURSOS NAO VINCULADOS DE IMPOSTOS;1200000,0;1200000,0;1200000,0
9493049;898;2026-03-06 00:00:00;PM CAMPO AZUL;01.612.551/0001-79;1261;SEE;SECRETARIA DE ESTADO DE EDUCACAO;42;AUXILIOS;1;AUXILIOS;10;RECURSOS ORDINARIOS - RECURSOS NAO VINCULADOS DE IMPOSTOS;800000,0;800000,0;800000,0
9493050;899;2026-03-06 00:00:00;PM MORADA NOVA DE MINAS;18.296.665/0001-50;1261;SEE;SECRETARIA DE ESTADO DE EDUCACAO;42;AUXILIOS;1;AUXILIOS;10;RECURSOS ORDINARIOS - RECURSOS NAO VINCULADOS DE IMPOSTOS;650000,0;650000,0;650000,0
9493053;874;2026-03-05 00:00:00;PM AREADO;18.243.246/0001-50;1261;SEE;SECRETARIA DE ESTADO DE EDUCACAO;42;AUXILIOS;1;AUXILIOS;10;RECURSOS ORDINARIOS - RECURSOS NAO VINCULADOS DE IMPOSTOS;510959,93;510959,93;510959,93
9493054;875;2026-03-05 00:00:00;PM RIO PRETO;18.338.251/0001-46;1261;SEE;SECRETARIA DE ESTADO DE EDUCACAO;42;AUXILIOS;1;AUXILIOS;10;RECURSOS ORDINARIOS - RECURSOS NAO VINCULADOS DE IMPOSTOS;564312,55;564312,55;564312,55
9493055;876;2026-03-05 00:00:00;PM ROCHEDO DE MINAS;18.558.080/0001-60;1261;SEE;SECRETARIA DE ESTADO DE EDUCACAO;42;AUXILIOS;1;AUXILIOS;10;RECURSOS ORDINARIOS - RECURSOS NAO VINCULADOS DE IMPOSTOS;510959,93;510959,93;510959,93
9493056;877;2026-03-05 00:00:00;PM URUANA DE MINAS;01.609.942/0001-34;1261;SEE;SECRETARIA DE ESTADO DE EDUCACAO;42;AUXILIOS;1;AUXILIOS;10;RECURSOS ORDINARIOS - RECURSOS NAO VINCULADOS DE IMPOSTOS;564312,55;564312,55;564312,55
9493058;878;2026-03-05 00:00:00;PM JUIZ DE FORA;18.338.178/0001-02;1261;SEE;SECRETARIA DE ESTADO DE EDUCACAO;42;AUXILIOS;1;AUXILIOS;10;RECURSOS ORDINARIOS - RECURSOS NAO VINCULADOS DE IMPOSTOS;99820,64;99820,64;99820,64
9493059;900;2026-03-06 00:00:00;PM AIURUOCA;18.008.896/0001-10;1261;SEE;SECRETARIA DE ESTADO DE EDUCACAO;42;AUXILIOS;1;AUXILIOS;10;RECURSOS ORDINARIOS - RECURSOS NAO VINCULADOS DE IMPOSTOS;400000,0;400000,0;400000,0
9493061;133;2026-03-05 00:00:00;PM SAO JOAO EVANGELISTA;18.307.488/0001-60;1371;SEMAD;SECRETARIA DE ESTADO DE MEIO AMBIENTE E DESENVOLVIMENTO SUSTENTAVEL;41;CONTRIBUICOES;1;CONTRIBUICOES;97;TRANSFERENCIAS ESPECIAIS DE RECURSOS DA UNIAO - RECURSOS RECEBIDOS ATE 2023;117492,0;117492,0;117492,0
9493062;879;2026-03-05 00:00:00;PM SERRANOPOLIS DE MINAS;01.612.501/0001-91;1261;SEE;SECRETARIA DE ESTADO DE EDUCACAO;42;AUXILIOS;1;AUXILIOS;10;RECURSOS ORDINARIOS - RECURSOS NAO VINCULADOS DE IMPOSTOS;558669,43;558669,43;558669,43
9493063;880;2026-03-05 00:00:00;PM SENHORA DOS REMEDIOS;18.094.870/0001-32;1261;SEE;SECRETARIA DE ESTADO DE EDUCACAO;42;AUXILIOS;1;AUXILIOS;10;RECURSOS ORDINARIOS - RECURSOS NAO VINCULADOS DE IMPOSTOS;564312,55;564312,55;564312,55
9493066;871;2026-03-05 00:00:00;PM FRUTAL;18.449.132/0001-60;1261;SEE;SECRETARIA DE ESTADO DE EDUCACAO;42;AUXILIOS;1;AUXILIOS;10;RECURSOS ORDINARIOS - RECURSOS NAO VINCULADOS DE IMPOSTOS;2999980,0;2999980,0;2999980,0
9493067;872;2026-03-05 00:00:00;PM ITURAMA;18.457.242/0001-74;1261;SEE;SECRETARIA DE ESTADO DE EDUCACAO;42;AUXILIOS;1;AUXILIOS;10;RECURSOS ORDINARIOS - RECURSOS NAO VINCULADOS DE IMPOSTOS;1891616,65;1891616,65;1891616,65
9496653;904;2026-03-06 00:00:00;PM JACUTINGA;17.914.128/0001-63;1261;SEE;SECRETARIA DE ESTADO DE EDUCACAO;42;AUXILIOS;1;AUXILIOS;10;RECURSOS ORDINARIOS - RECURSOS NAO VINCULADOS DE IMPOSTOS;778841,09;778841,09;778841,09
9496654;888;2026-03-05 00:00:00;PM CARMO DE MINAS;18.188.243/0001-60;1261;SEE;SECRETARIA DE ESTADO DE EDUCACAO;42;AUXILIOS;1;AUXILIOS;10;RECURSOS ORDINARIOS - RECURSOS NAO VINCULADOS DE IMPOSTOS;972144,03;972144,03;972144,03
9496655;889;2026-03-05 00:00:00;PM BOTELHOS;17.847.641/0001-89;1261;SEE;SECRETARIA DE ESTADO DE EDUCACAO;42;AUXILIOS;1;AUXILIOS;10;RECURSOS ORDINARIOS - RECURSOS NAO VINCULADOS DE IMPOSTOS;123055,97;123055,97;123055,97
9496656;890;2026-03-05 00:00:00;PM IBIA;18.584.961/0001-56;1261;SEE;SECRETARIA DE ESTADO DE EDUCACAO;42;AUXILIOS;1;AUXILIOS;10;RECURSOS ORDINARIOS - RECURSOS NAO VINCULADOS DE IMPOSTOS;300000,0;300000,0;300000,0
9496657;891;2026-03-05 00:00:00;PM CANAPOLIS;18.457.200/0001-33;1261;SEE;SECRETARIA DE ESTADO DE EDUCACAO;42;AUXILIOS;1;AUXILIOS;10;RECURSOS ORDINARIOS - RECURSOS NAO VINCULADOS DE IMPOSTOS;300000,0;300000,0;300000,0
9496658;892;2026-03-05 00:00:00;PM SACRAMENTO;18.140.764/0001-48;1261;SEE;SECRETARIA DE ESTADO DE EDUCACAO;42;AUXILIOS;1;AUXILIOS;10;RECURSOS ORDINARIOS - RECURSOS NAO VINCULADOS DE IMPOSTOS;299683,99;299683,99;299683,99
9496659;894;2026-03-05 00:00:00;PM BOTELHOS;17.847.641/0001-89;1261;SEE;SECRETARIA DE ESTADO DE EDUCACAO;42;AUXILIOS;1;AUXILIOS;10;RECURSOS ORDINARIOS - RECURSOS NAO VINCULADOS DE IMPOSTOS;648096,02;648096,02;648096,02
9496673;893;2026-03-05 00:00:00;PM CRISTINA;18.188.250/0001-62;1261;SEE;SECRETARIA DE ESTADO DE EDUCACAO;42;AUXILIOS;1;AUXILIOS;10;RECURSOS ORDINARIOS - RECURSOS NAO VINCULADOS DE IMPOSTOS;92290,2;92290,2;92290,2
9496674;905;2026-03-06 00:00:00;PM VESPASIANO;18.715.425/0001-42;1261;SEE;SECRETARIA DE ESTADO DE EDUCACAO;42;AUXILIOS;1;AUXILIOS;10;RECURSOS ORDINARIOS - RECURSOS NAO VINCULADOS DE IMPOSTOS;6050832,72;6050832,72;6050832,72
9496675;895;2026-03-05 00:00:00;PM PRESIDENTE KUBITSCHEK;17.754.185/0001-22;1261;SEE;SECRETARIA DE ESTADO DE EDUCACAO;42;AUXILIOS;1;AUXILIOS;10;RECURSOS ORDINARIOS - RECURSOS NAO VINCULADOS DE IMPOSTOS;100000,0;100000,0;100000,0
9496677;896;2026-03-05 00:00:00;PM MARIPA DE MINAS;17.724.162/0001-75;1261;SEE;SECRETARIA DE ESTADO DE EDUCACAO;42;AUXILIOS;1;AUXILIOS;10;RECURSOS ORDINARIOS - RECURSOS NAO VINCULADOS DE IMPOSTOS;564312,55;564312,55;564312,55
9496678;906;2026-03-06 00:00:00;PM GONZAGA;18.307.421/0001-25;1261;SEE;SECRETARIA DE ESTADO DE EDUCACAO;42;AUXILIOS;1;AUXILIOS;10;RECURSOS ORDINARIOS - RECURSOS NAO VINCULADOS DE IMPOSTOS;400000,0;400000,0;400000,0
9497031;16;2026-03-05 00:00:00;PM SABARA;18.715.441/0001-35;1481;SEDESE;SECRETARIA DE ESTADO DE DESENVOLVIMENTO SOCIAL;41;CONTRIBUICOES;1;CONTRIBUICOES;38;TRANSFERENCIAS DA UNIAO VINCULADAS AO ESPORTE;88443,68;88443,68;88443,68
9497071;914;2026-03-20 00:00:00;PM VARGINHA;18.240.119/0001-05;1261;SEE;SECRETARIA DE ESTADO DE EDUCACAO;42;AUXILIOS;1;AUXILIOS;10;RECURSOS ORDINARIOS - RECURSOS NAO VINCULADOS DE IMPOSTOS;3086225,84;3086225,84;3086225,84
9497072;912;2026-03-19 00:00:00;PM SANTA LUZIA;18.715.409/0001-50;1261;SEE;SECRETARIA DE ESTADO DE EDUCACAO;42;AUXILIOS;1;AUXILIOS;10;RECURSOS ORDINARIOS - RECURSOS NAO VINCULADOS DE IMPOSTOS;320135,24;320135,24;320135,24
9497073;911;2026-03-17 00:00:00;PM PLANURA;18.449.157/0001-64;1261;SEE;SECRETARIA DE ESTADO DE EDUCACAO;42;AUXILIOS;1;AUXILIOS;10;RECURSOS ORDINARIOS - RECURSOS NAO VINCULADOS DE IMPOSTOS;150000,0;150000,0;150000,0
9497074;897;2026-03-05 00:00:00;PM MONTE ALEGRE DE MINAS;18.431.155/0001-48;1261;SEE;SECRETARIA DE ESTADO DE EDUCACAO;42;AUXILIOS;1;AUXILIOS;10;RECURSOS ORDINARIOS - RECURSOS NAO VINCULADOS DE IMPOSTOS;100000,0;100000,0;100000,0
9497078;907;2026-03-12 00:00:00;CONSORCIO INTERMUNICIPAL MULTIFINALITARIO DA AREA MINEIRA DA SUDENE;21.505.692/0001-08;1261;SEE;SECRETARIA DE ESTADO DE EDUCACAO;41;CONTRIBUICOES;1;CONTRIBUICOES;10;RECURSOS ORDINARIOS - RECURSOS NAO VINCULADOS DE IMPOSTOS;0,0;0,0;0,0
9497078;908;2026-03-12 00:00:00;CONSORCIO INTERMUNICIPAL MULTIFINALITARIO DA AREA MINEIRA DA SUDENE;21.505.692/0001-08;1261;SEE;SECRETARIA DE ESTADO DE EDUCACAO;41;CONTRIBUICOES;1;CONTRIBUICOES;10;RECURSOS ORDINARIOS - RECURSOS NAO VINCULADOS DE IMPOSTOS;0,0;0,0;0,0
9497078;910;2026-03-13 00:00:00;CONSORCIO INTERMUNICIPAL MULTIFINALITARIO DA AREA MINEIRA DA SUDENE;21.505.692/0001-08;1261;SEE;SECRETARIA DE ESTADO DE EDUCACAO;41;CONTRIBUICOES;1;CONTRIBUICOES;10;RECURSOS ORDINARIOS - RECURSOS NAO VINCULADOS DE IMPOSTOS;8919016,45;8919016,45;8919016,45
9497078;2882;2026-07-06 00:00:00;CONSORCIO INTERMUNICIPAL MULTIFINALITARIO DA AREA MINEIRA DA SUDENE;21.505.692/0001-08;1261;SEE;SECRETARIA DE ESTADO DE EDUCACAO;41;CONTRIBUICOES;6;TRANSFERENCIA PARA FINANCIAMENTO DO TRANSPORTE ESCOLAR;21;COTA ESTADUAL DO SALARIO EDUCACAO - QESE;1783803,29;1783803,29;0,0
9497079;909;2026-03-12 00:00:00;CONSORCIO INTERMUNICIPAL MULTIFINALITARIO DA AREA MINEIRA DA SUDENE;21.505.692/0001-08;1261;SEE;SECRETARIA DE ESTADO DE EDUCACAO;41;CONTRIBUICOES;1;CONTRIBUICOES;10;RECURSOS ORDINARIOS - RECURSOS NAO VINCULADOS DE IMPOSTOS;7301889,1;7301889,1;7301889,1
9497079;2881;2026-07-06 00:00:00;CONSORCIO INTERMUNICIPAL MULTIFINALITARIO DA AREA MINEIRA DA SUDENE;21.505.692/0001-08;1261;SEE;SECRETARIA DE ESTADO DE EDUCACAO;41;CONTRIBUICOES;6;TRANSFERENCIA PARA FINANCIAMENTO DO TRANSPORTE ESCOLAR;21;COTA ESTADUAL DO SALARIO EDUCACAO - QESE;1460377,82;1460377,82;0,0
9497140;1;2026-03-10 00:00:00;PM ARICANDUVA;01.608.511/0001-53;1491;SEGOV;SECRETARIA DE ESTADO DE GOVERNO;42;AUXILIOS;1;AUXILIOS;15;RECURSOS ORDINARIOS - OUTROS RECURSOS NAO VINCULADOS;3000000,0;3000000,0;1500000,0
9497429;794;2026-03-16 00:00:00;CIS VALE DO RIO DOCE;01.311.508/0001-73;4291;FES;FUNDO ESTADUAL DE SAUDE;42;AUXILIOS;1;AUXILIOS;10;RECURSOS ORDINARIOS - RECURSOS NAO VINCULADOS DE IMPOSTOS;3738977,0;3738977,0;3738977,0
9497645;1074;2026-03-18 00:00:00;PM CAMPO DO MEIO;18.239.582/0001-29;4291;FES;FUNDO ESTADUAL DE SAUDE;42;AUXILIOS;1;AUXILIOS;10;RECURSOS ORDINARIOS - RECURSOS NAO VINCULADOS DE IMPOSTOS;358565,0;358565,0;358565,0
9498664;164;2026-03-19 00:00:00;PM MONTES CLAROS;22.678.874/0001-35;1301;SEINFRA;SECRETARIA DE ESTADO DE INFRAESTRUTURA, MOBILIDADE E PARCERIAS;42;AUXILIOS;1;AUXILIOS;15;RECURSOS ORDINARIOS - OUTROS RECURSOS NAO VINCULADOS;1500000,0;1500000,0;1500000,0
9499206;170;2026-03-23 00:00:00;PM RIACHINHO;25.222.118/0001-95;1301;SEINFRA;SECRETARIA DE ESTADO DE INFRAESTRUTURA, MOBILIDADE E PARCERIAS;42;AUXILIOS;1;AUXILIOS;15;RECURSOS ORDINARIOS - OUTROS RECURSOS NAO VINCULADOS;1000000,0;1000000,0;1000000,0
9499207;171;2026-03-23 00:00:00;PM POCRANE;18.334.318/0001-74;1301;SEINFRA;SECRETARIA DE ESTADO DE INFRAESTRUTURA, MOBILIDADE E PARCERIAS;42;AUXILIOS;1;AUXILIOS;15;RECURSOS ORDINARIOS - OUTROS RECURSOS NAO VINCULADOS;1100000,0;1100000,0;1100000,0
9499237;2;2026-03-24 00:00:00;PM PERDIZES;18.140.772/0001-94;1491;SEGOV;SECRETARIA DE ESTADO DE GOVERNO;42;AUXILIOS;1;AUXILIOS;15;RECURSOS ORDINARIOS - OUTROS RECURSOS NAO VINCULADOS;900000,0;900000,0;900000,0
9499238;3;2026-03-24 00:00:00;PM RIO CASCA;18.836.957/0001-38;1491;SEGOV;SECRETARIA DE ESTADO DE GOVERNO;42;AUXILIOS;1;AUXILIOS;15;RECURSOS ORDINARIOS - OUTROS RECURSOS NAO VINCULADOS;125737,7;125737,7;125737,7
9499617;67;2026-03-24 00:00:00;PM ERVALIA;18.133.306/0001-81;1231;SEAPA;SECRETARIA DE ESTADO DE AGRICULTURA, PECUARIA E ABASTECIMENTO;41;CONTRIBUICOES;1;CONTRIBUICOES;15;RECURSOS ORDINARIOS - OUTROS RECURSOS NAO VINCULADOS;386100,0;386100,0;386100,0
9499623;169;2026-05-26 00:00:00;PM RIACHINHO;25.222.118/0001-95;1231;SEAPA;SECRETARIA DE ESTADO DE AGRICULTURA, PECUARIA E ABASTECIMENTO;41;CONTRIBUICOES;1;CONTRIBUICOES;15;RECURSOS ORDINARIOS - OUTROS RECURSOS NAO VINCULADOS;262354,6;0,0;0,0
9500292;1;2026-04-01 00:00:00;PM FREI LAGONEGRO;01.615.008/0001-25;1481;SEDESE;SECRETARIA DE ESTADO DE DESENVOLVIMENTO SOCIAL;42;AUXILIOS;1;AUXILIOS;15;RECURSOS ORDINARIOS - OUTROS RECURSOS NAO VINCULADOS;73468,37;73468,37;73468,37
9500293;4;2026-03-26 00:00:00;PM ITAMARATI DE MINAS;17.706.813/0001-02;1491;SEGOV;SECRETARIA DE ESTADO DE GOVERNO;42;AUXILIOS;1;AUXILIOS;10;RECURSOS ORDINARIOS - RECURSOS NAO VINCULADOS DE IMPOSTOS;85635,0;85635,0;85635,0
9500296;942;2026-05-12 00:00:00;PM MEDINA;18.414.607/0001-83;1261;SEE;SECRETARIA DE ESTADO DE EDUCACAO;42;AUXILIOS;1;AUXILIOS;10;RECURSOS ORDINARIOS - RECURSOS NAO VINCULADOS DE IMPOSTOS;801000,0;801000,0;801000,0
9500297;1601;2026-04-01 00:00:00;PM MONTES CLAROS;22.678.874/0001-35;1261;SEE;SECRETARIA DE ESTADO DE EDUCACAO;42;AUXILIOS;1;AUXILIOS;10;RECURSOS ORDINARIOS - RECURSOS NAO VINCULADOS DE IMPOSTOS;9612000,0;9612000,0;9612000,0
9500308;943;2026-05-12 00:00:00;PM SANTA VITORIA;18.457.226/0001-81;1261;SEE;SECRETARIA DE ESTADO DE EDUCACAO;42;AUXILIOS;1;AUXILIOS;10;RECURSOS ORDINARIOS - RECURSOS NAO VINCULADOS DE IMPOSTOS;400000,0;400000,0;400000,0
9500314;944;2026-05-12 00:00:00;PM ITAMARATI DE MINAS;17.706.813/0001-02;1261;SEE;SECRETARIA DE ESTADO DE EDUCACAO;42;AUXILIOS;1;AUXILIOS;10;RECURSOS ORDINARIOS - RECURSOS NAO VINCULADOS DE IMPOSTOS;149685,78;149685,78;149685,78
9500315;945;2026-05-12 00:00:00;PM SANTA JULIANA;18.140.780/0001-30;1261;SEE;SECRETARIA DE ESTADO DE EDUCACAO;42;AUXILIOS;1;AUXILIOS;10;RECURSOS ORDINARIOS - RECURSOS NAO VINCULADOS DE IMPOSTOS;505850,33;505850,33;505850,33
9500316;946;2026-05-12 00:00:00;PM LUISBURGO;01.615.423/0001-89;1261;SEE;SECRETARIA DE ESTADO DE EDUCACAO;42;AUXILIOS;1;AUXILIOS;10;RECURSOS ORDINARIOS - RECURSOS NAO VINCULADOS DE IMPOSTOS;1285537,55;1285537,55;1285537,55
9500317;947;2026-05-12 00:00:00;PM CARMESIA;18.303.172/0001-08;1261;SEE;SECRETARIA DE ESTADO DE EDUCACAO;42;AUXILIOS;1;AUXILIOS;10;RECURSOS ORDINARIOS - RECURSOS NAO VINCULADOS DE IMPOSTOS;499947,13;499947,13;499947,13
9500318;948;2026-05-12 00:00:00;PM CORREGO DANTA;18.298.174/0001-48;1261;SEE;SECRETARIA DE ESTADO DE EDUCACAO;42;AUXILIOS;1;AUXILIOS;10;RECURSOS ORDINARIOS - RECURSOS NAO VINCULADOS DE IMPOSTOS;796824,99;796824,99;796824,99
9500319;2135;2026-05-20 00:00:00;PM NOVO CRUZEIRO;18.404.889/0001-38;1261;SEE;SECRETARIA DE ESTADO DE EDUCACAO;42;AUXILIOS;1;AUXILIOS;10;RECURSOS ORDINARIOS - RECURSOS NAO VINCULADOS DE IMPOSTOS;801000,0;801000,0;801000,0
9501210;9;2026-04-08 00:00:00;PM JESUANIA;18.188.227/0001-78;1491;SEGOV;SECRETARIA DE ESTADO DE GOVERNO;42;AUXILIOS;1;AUXILIOS;15;RECURSOS ORDINARIOS - OUTROS RECURSOS NAO VINCULADOS;570000,0;570000,0;570000,0
9501224;178;2026-03-31 00:00:00;PM CRUZEIRO DA FORTALEZA;18.468.041/0001-72;1301;SEINFRA;SECRETARIA DE ESTADO DE INFRAESTRUTURA, MOBILIDADE E PARCERIAS;42;AUXILIOS;1;AUXILIOS;15;RECURSOS ORDINARIOS - OUTROS RECURSOS NAO VINCULADOS;500000,0;500000,0;500000,0
9501225;7;2026-03-30 00:00:00;PM MONJOLOS;17.754.169/0001-30;1491;SEGOV;SECRETARIA DE ESTADO DE GOVERNO;42;AUXILIOS;1;AUXILIOS;15;RECURSOS ORDINARIOS - OUTROS RECURSOS NAO VINCULADOS;1035936,0;1035936,0;1035936,0
9501226;6;2026-03-30 00:00:00;PM GRUPIARA;17.827.858/0001-27;1491;SEGOV;SECRETARIA DE ESTADO DE GOVERNO;42;AUXILIOS;1;AUXILIOS;15;RECURSOS ORDINARIOS - OUTROS RECURSOS NAO VINCULADOS;236500,0;236500,0;236500,0
9501227;5;2026-03-30 00:00:00;PM DIVINO;18.114.272/0001-88;1491;SEGOV;SECRETARIA DE ESTADO DE GOVERNO;42;AUXILIOS;1;AUXILIOS;15;RECURSOS ORDINARIOS - OUTROS RECURSOS NAO VINCULADOS;882950,0;882950,0;882950,0
9501228;949;2026-05-12 00:00:00;PM IBIRACATU;01.612.477/0001-90;1261;SEE;SECRETARIA DE ESTADO DE EDUCACAO;42;AUXILIOS;1;AUXILIOS;10;RECURSOS ORDINARIOS - RECURSOS NAO VINCULADOS DE IMPOSTOS;1054644,49;1054644,49;1054644,49
9501229;950;2026-05-12 00:00:00;PM MONTES CLAROS;22.678.874/0001-35;1261;SEE;SECRETARIA DE ESTADO DE EDUCACAO;42;AUXILIOS;1;AUXILIOS;10;RECURSOS ORDINARIOS - RECURSOS NAO VINCULADOS DE IMPOSTOS;801000,0;801000,0;801000,0
9501233;85;2026-04-16 00:00:00;PM OURO VERDE DE MINAS;18.404.947/0001-23;1231;SEAPA;SECRETARIA DE ESTADO DE AGRICULTURA, PECUARIA E ABASTECIMENTO;41;CONTRIBUICOES;1;CONTRIBUICOES;15;RECURSOS ORDINARIOS - OUTROS RECURSOS NAO VINCULADOS;4800000,0;4800000,0;4800000,0
9501235;69;2026-04-01 00:00:00;PM BRAS PIRES;18.128.272/0001-37;1231;SEAPA;SECRETARIA DE ESTADO DE AGRICULTURA, PECUARIA E ABASTECIMENTO;41;CONTRIBUICOES;1;CONTRIBUICOES;15;RECURSOS ORDINARIOS - OUTROS RECURSOS NAO VINCULADOS;800000,0;800000,0;800000,0
9501236;96;2026-05-05 00:00:00;PM ITABIRINHA;17.125.444/0001-56;1231;SEAPA;SECRETARIA DE ESTADO DE AGRICULTURA, PECUARIA E ABASTECIMENTO;41;CONTRIBUICOES;1;CONTRIBUICOES;15;RECURSOS ORDINARIOS - OUTROS RECURSOS NAO VINCULADOS;863500,0;863500,0;863500,0
9501526;951;2026-05-12 00:00:00;PM MIRAVANIA;01.612.491/0001-94;1261;SEE;SECRETARIA DE ESTADO DE EDUCACAO;42;AUXILIOS;1;AUXILIOS;10;RECURSOS ORDINARIOS - RECURSOS NAO VINCULADOS DE IMPOSTOS;1739947,8;1739947,8;1739947,8
9501594;1406;2026-04-13 00:00:00;PM IBIRITE;18.715.490/0001-78;1261;SEE;SECRETARIA DE ESTADO DE EDUCACAO;42;AUXILIOS;1;AUXILIOS;10;RECURSOS ORDINARIOS - RECURSOS NAO VINCULADOS DE IMPOSTOS;3205992,47;3205992,47;3205992,47
9501595;1407;2026-04-13 00:00:00;PM IBIRITE;18.715.490/0001-78;1261;SEE;SECRETARIA DE ESTADO DE EDUCACAO;42;AUXILIOS;1;AUXILIOS;10;RECURSOS ORDINARIOS - RECURSOS NAO VINCULADOS DE IMPOSTOS;3234195,66;3234195,66;3234195,66
9501596;1408;2026-04-13 00:00:00;PM IBIRITE;18.715.490/0001-78;1261;SEE;SECRETARIA DE ESTADO DE EDUCACAO;42;AUXILIOS;1;AUXILIOS;10;RECURSOS ORDINARIOS - RECURSOS NAO VINCULADOS DE IMPOSTOS;3083076,76;3083076,76;3083076,76
9501812;8;2026-04-08 00:00:00;PM PEDRA DO INDAIA;18.308.759/0001-00;1491;SEGOV;SECRETARIA DE ESTADO DE GOVERNO;42;AUXILIOS;1;AUXILIOS;15;RECURSOS ORDINARIOS - OUTROS RECURSOS NAO VINCULADOS;268916,67;268916,67;268916,67
9501838;952;2026-05-12 00:00:00;PM DELFIM MOREIRA;18.025.924/0001-08;1261;SEE;SECRETARIA DE ESTADO DE EDUCACAO;42;AUXILIOS;1;AUXILIOS;10;RECURSOS ORDINARIOS - RECURSOS NAO VINCULADOS DE IMPOSTOS;1293144,0;1293144,0;1293144,0
9501839;953;2026-05-13 00:00:00;PM MOEMA;18.301.044/0001-17;1261;SEE;SECRETARIA DE ESTADO DE EDUCACAO;42;AUXILIOS;1;AUXILIOS;10;RECURSOS ORDINARIOS - RECURSOS NAO VINCULADOS DE IMPOSTOS;679580,0;679580,0;679580,0
9501840;954;2026-05-13 00:00:00;PM SANTANA DO PARAISO;38.515.573/0001-20;1261;SEE;SECRETARIA DE ESTADO DE EDUCACAO;42;AUXILIOS;1;AUXILIOS;10;RECURSOS ORDINARIOS - RECURSOS NAO VINCULADOS DE IMPOSTOS;679580,0;679580,0;679580,0
9501841;955;2026-05-13 00:00:00;PM ITACAMBIRA;18.017.400/0001-75;1261;SEE;SECRETARIA DE ESTADO DE EDUCACAO;42;AUXILIOS;1;AUXILIOS;10;RECURSOS ORDINARIOS - RECURSOS NAO VINCULADOS DE IMPOSTOS;324048,01;324048,01;324048,01
9501843;956;2026-05-13 00:00:00;PM SAO JOSE DA LAPA;42.774.281/0001-80;1261;SEE;SECRETARIA DE ESTADO DE EDUCACAO;42;AUXILIOS;1;AUXILIOS;10;RECURSOS ORDINARIOS - RECURSOS NAO VINCULADOS DE IMPOSTOS;1499988,13;1499988,13;1499988,13
9501844;957;2026-05-13 00:00:00;PM GAMELEIRA;01.612.482/0001-01;1261;SEE;SECRETARIA DE ESTADO DE EDUCACAO;42;AUXILIOS;1;AUXILIOS;10;RECURSOS ORDINARIOS - RECURSOS NAO VINCULADOS DE IMPOSTOS;1045273,01;1045273,01;1045273,01
9501845;958;2026-05-13 00:00:00;PM SANTO HIPOLITO;17.694.886/0001-13;1261;SEE;SECRETARIA DE ESTADO DE EDUCACAO;42;AUXILIOS;1;AUXILIOS;10;RECURSOS ORDINARIOS - RECURSOS NAO VINCULADOS DE IMPOSTOS;1007184,5;1007184,5;1007184,5
9501846;959;2026-05-13 00:00:00;PM AGUAS FORMOSAS;18.404.749/0001-60;1261;SEE;SECRETARIA DE ESTADO DE EDUCACAO;42;AUXILIOS;1;AUXILIOS;10;RECURSOS ORDINARIOS - RECURSOS NAO VINCULADOS DE IMPOSTOS;1326152,0;1326152,0;1326152,0
9501847;960;2026-05-13 00:00:00;PM LIMEIRA DO OESTE;26.042.556/0001-34;1261;SEE;SECRETARIA DE ESTADO DE EDUCACAO;42;AUXILIOS;1;AUXILIOS;10;RECURSOS ORDINARIOS - RECURSOS NAO VINCULADOS DE IMPOSTOS;320000,0;320000,0;320000,0
9501848;961;2026-05-13 00:00:00;PM VERMELHO NOVO;01.620.744/0001-71;1261;SEE;SECRETARIA DE ESTADO DE EDUCACAO;42;AUXILIOS;1;AUXILIOS;10;RECURSOS ORDINARIOS - RECURSOS NAO VINCULADOS DE IMPOSTOS;100000,0;100000,0;100000,0
9501849;962;2026-05-13 00:00:00;PM SAO JOAO DA MATA;17.935.206/0001-06;1261;SEE;SECRETARIA DE ESTADO DE EDUCACAO;42;AUXILIOS;1;AUXILIOS;10;RECURSOS ORDINARIOS - RECURSOS NAO VINCULADOS DE IMPOSTOS;200000,0;200000,0;200000,0
9501850;963;2026-05-13 00:00:00;PM BERIZAL;01.614.602/0001-00;1261;SEE;SECRETARIA DE ESTADO DE EDUCACAO;42;AUXILIOS;1;AUXILIOS;10;RECURSOS ORDINARIOS - RECURSOS NAO VINCULADOS DE IMPOSTOS;519171,0;519171,0;519171,0
9501851;951;2026-05-13 00:00:00;PM ESTRELA DO INDAIA;18.301.028/0001-24;1261;SEE;SECRETARIA DE ESTADO DE EDUCACAO;42;AUXILIOS;1;AUXILIOS;10;RECURSOS ORDINARIOS - RECURSOS NAO VINCULADOS DE IMPOSTOS;800910,07;800910,07;800910,07
9501852;2162;2026-05-13 00:00:00;PM IGUATAMA;18.306.688/0001-06;1261;SEE;SECRETARIA DE ESTADO DE EDUCACAO;42;AUXILIOS;1;AUXILIOS;10;RECURSOS ORDINARIOS - RECURSOS NAO VINCULADOS DE IMPOSTOS;1055000,0;1055000,0;1055000,0
9501853;964;2026-05-13 00:00:00;PM HELIODORA;18.712.133/0001-56;1261;SEE;SECRETARIA DE ESTADO DE EDUCACAO;42;AUXILIOS;1;AUXILIOS;10;RECURSOS ORDINARIOS - RECURSOS NAO VINCULADOS DE IMPOSTOS;875000,0;875000,0;875000,0
9501854;965;2026-05-13 00:00:00;PM DIVINESIA;18.128.280/0001-83;1261;SEE;SECRETARIA DE ESTADO DE EDUCACAO;42;AUXILIOS;1;AUXILIOS;10;RECURSOS ORDINARIOS - RECURSOS NAO VINCULADOS DE IMPOSTOS;199666,2;199666,2;199666,2
9501918;75;2026-04-09 00:00:00;PM JOSE GONCALVES DE MINAS;01.613.372/0001-56;1231;SEAPA;SECRETARIA DE ESTADO DE AGRICULTURA, PECUARIA E ABASTECIMENTO;41;CONTRIBUICOES;1;CONTRIBUICOES;15;RECURSOS ORDINARIOS - OUTROS RECURSOS NAO VINCULADOS;268916,67;268916,67;268916,67
9501919;76;2026-04-09 00:00:00;PM SAO FRANCISCO DE PAULA;18.312.975/0001-10;1231;SEAPA;SECRETARIA DE ESTADO DE AGRICULTURA, PECUARIA E ABASTECIMENTO;41;CONTRIBUICOES;1;CONTRIBUICOES;15;RECURSOS ORDINARIOS - OUTROS RECURSOS NAO VINCULADOS;454333,33;454333,33;454333,33
9501930;966;2026-05-13 00:00:00;PM CARMO DA MATA;18.312.967/0001-74;1261;SEE;SECRETARIA DE ESTADO DE EDUCACAO;42;AUXILIOS;1;AUXILIOS;10;RECURSOS ORDINARIOS - RECURSOS NAO VINCULADOS DE IMPOSTOS;646572,0;646572,0;646572,0
9501931;967;2026-05-13 00:00:00;PM DELTA;01.020.881/0001-75;1261;SEE;SECRETARIA DE ESTADO DE EDUCACAO;42;AUXILIOS;1;AUXILIOS;10;RECURSOS ORDINARIOS - RECURSOS NAO VINCULADOS DE IMPOSTOS;1049219,84;1049219,84;1049219,84
9501932;968;2026-05-13 00:00:00;PM INHAUMA;18.116.152/0001-10;1261;SEE;SECRETARIA DE ESTADO DE EDUCACAO;42;AUXILIOS;1;AUXILIOS;10;RECURSOS ORDINARIOS - RECURSOS NAO VINCULADOS DE IMPOSTOS;646572,0;646572,0;646572,0
9501933;770;2026-05-13 00:00:00;PM SAO DOMINGOS DO PRATA;18.401.018/0001-60;1261;SEE;SECRETARIA DE ESTADO DE EDUCACAO;42;AUXILIOS;1;AUXILIOS;10;RECURSOS ORDINARIOS - RECURSOS NAO VINCULADOS DE IMPOSTOS;1000000,0;1000000,0;1000000,0
9501934;969;2026-05-13 00:00:00;PM LUMINARIAS;18.244.301/0001-26;1261;SEE;SECRETARIA DE ESTADO DE EDUCACAO;42;AUXILIOS;1;AUXILIOS;10;RECURSOS ORDINARIOS - RECURSOS NAO VINCULADOS DE IMPOSTOS;1367797,0;1367797,0;1367797,0
9501935;970;2026-05-13 00:00:00;PM IGUATAMA;18.306.688/0001-06;1261;SEE;SECRETARIA DE ESTADO DE EDUCACAO;42;AUXILIOS;1;AUXILIOS;10;RECURSOS ORDINARIOS - RECURSOS NAO VINCULADOS DE IMPOSTOS;646572,0;646572,0;646572,0
9501936;971;2026-05-13 00:00:00;PM DIVINO DAS LARANJEIRAS;18.357.079/0001-78;1261;SEE;SECRETARIA DE ESTADO DE EDUCACAO;42;AUXILIOS;1;AUXILIOS;10;RECURSOS ORDINARIOS - RECURSOS NAO VINCULADOS DE IMPOSTOS;879783,5;879783,5;879783,5
9501937;972;2026-05-13 00:00:00;PM CORREGO DANTA;18.298.174/0001-48;1261;SEE;SECRETARIA DE ESTADO DE EDUCACAO;42;AUXILIOS;1;AUXILIOS;10;RECURSOS ORDINARIOS - RECURSOS NAO VINCULADOS DE IMPOSTOS;519171,0;519171,0;519171,0
9501940;973;2026-05-13 00:00:00;PM SAO TOMAS DE AQUINO;18.241.364/0001-29;1261;SEE;SECRETARIA DE ESTADO DE EDUCACAO;42;AUXILIOS;1;AUXILIOS;10;RECURSOS ORDINARIOS - RECURSOS NAO VINCULADOS DE IMPOSTOS;200000,0;200000,0;200000,0
9501941;974;2026-05-13 00:00:00;PM FELISBURGO;18.083.071/0001-60;1261;SEE;SECRETARIA DE ESTADO DE EDUCACAO;42;AUXILIOS;1;AUXILIOS;10;RECURSOS ORDINARIOS - RECURSOS NAO VINCULADOS DE IMPOSTOS;646572,0;646572,0;646572,0
9501942;975;2026-05-13 00:00:00;PM FREI LAGONEGRO;01.615.008/0001-25;1261;SEE;SECRETARIA DE ESTADO DE EDUCACAO;42;AUXILIOS;1;AUXILIOS;10;RECURSOS ORDINARIOS - RECURSOS NAO VINCULADOS DE IMPOSTOS;510959,93;510959,93;510959,93
9501943;976;2026-05-13 00:00:00;PM PARAGUACU;18.008.193/0001-92;1261;SEE;SECRETARIA DE ESTADO DE EDUCACAO;42;AUXILIOS;1;AUXILIOS;10;RECURSOS ORDINARIOS - RECURSOS NAO VINCULADOS DE IMPOSTOS;200000,0;200000,0;200000,0
9501945;977;2026-05-13 00:00:00;PM MESQUITA;17.112.061/0001-43;1261;SEE;SECRETARIA DE ESTADO DE EDUCACAO;42;AUXILIOS;1;AUXILIOS;10;RECURSOS ORDINARIOS - RECURSOS NAO VINCULADOS DE IMPOSTOS;646572,0;646572,0;646572,0
9501946;978;2026-05-13 00:00:00;PM ITAGUARA;18.313.015/0001-75;1261;SEE;SECRETARIA DE ESTADO DE EDUCACAO;42;AUXILIOS;1;AUXILIOS;10;RECURSOS ORDINARIOS - RECURSOS NAO VINCULADOS DE IMPOSTOS;357006,37;357006,37;357006,37
9501947;979;2026-05-13 00:00:00;PM ALPERCATA;18.332.627/0001-05;1261;SEE;SECRETARIA DE ESTADO DE EDUCACAO;42;AUXILIOS;1;AUXILIOS;10;RECURSOS ORDINARIOS - RECURSOS NAO VINCULADOS DE IMPOSTOS;513971,0;513971,0;513971,0
9501948;980;2026-05-13 00:00:00;PM VIEIRAS;17.947.599/0001-78;1261;SEE;SECRETARIA DE ESTADO DE EDUCACAO;42;AUXILIOS;1;AUXILIOS;10;RECURSOS ORDINARIOS - RECURSOS NAO VINCULADOS DE IMPOSTOS;801000,0;801000,0;801000,0
9501949;981;2026-05-13 00:00:00;PM CATUGI;26.218.636/0001-06;1261;SEE;SECRETARIA DE ESTADO DE EDUCACAO;42;AUXILIOS;1;AUXILIOS;10;RECURSOS ORDINARIOS - RECURSOS NAO VINCULADOS DE IMPOSTOS;801000,0;801000,0;801000,0
9501950;1108;2026-05-13 00:00:00;PM BOA ESPERANCA;18.239.590/0001-75;1261;SEE;SECRETARIA DE ESTADO DE EDUCACAO;42;AUXILIOS;1;AUXILIOS;10;RECURSOS ORDINARIOS - RECURSOS NAO VINCULADOS DE IMPOSTOS;400000,0;400000,0;400000,0
9501951;982;2026-05-13 00:00:00;PM VERDELANDIA;01.612.505/0001-70;1261;SEE;SECRETARIA DE ESTADO DE EDUCACAO;42;AUXILIOS;1;AUXILIOS;10;RECURSOS ORDINARIOS - RECURSOS NAO VINCULADOS DE IMPOSTOS;801000,0;801000,0;801000,0
9501952;413;2026-05-13 00:00:00;PM CACHOEIRA DE MINAS;18.675.959/0001-92;1261;SEE;SECRETARIA DE ESTADO DE EDUCACAO;42;AUXILIOS;1;AUXILIOS;10;RECURSOS ORDINARIOS - RECURSOS NAO VINCULADOS DE IMPOSTOS;1054644,47;1054644,47;1054644,47
9502077;983;2026-05-13 00:00:00;PM CORREGO DO BOM JESUS;18.677.633/0001-02;1261;SEE;SECRETARIA DE ESTADO DE EDUCACAO;42;AUXILIOS;1;AUXILIOS;10;RECURSOS ORDINARIOS - RECURSOS NAO VINCULADOS DE IMPOSTOS;391225,0;391225,0;391225,0
9502078;984;2026-05-13 00:00:00;PM CANTAGALO;01.617.441/0001-08;1261;SEE;SECRETARIA DE ESTADO DE EDUCACAO;42;AUXILIOS;1;AUXILIOS;10;RECURSOS ORDINARIOS - RECURSOS NAO VINCULADOS DE IMPOSTOS;519171,0;519171,0;519171,0
9502079;985;2026-05-13 00:00:00;PM ASTOLFO DUTRA;17.702.507/0001-90;1261;SEE;SECRETARIA DE ESTADO DE EDUCACAO;42;AUXILIOS;1;AUXILIOS;10;RECURSOS ORDINARIOS - RECURSOS NAO VINCULADOS DE IMPOSTOS;360612,5;360612,5;360612,5
9502080;986;2026-05-13 00:00:00;PM BONITO DE MINAS;01.612.493/0001-83;1261;SEE;SECRETARIA DE ESTADO DE EDUCACAO;42;AUXILIOS;1;AUXILIOS;10;RECURSOS ORDINARIOS - RECURSOS NAO VINCULADOS DE IMPOSTOS;646572,0;646572,0;646572,0
9502081;987;2026-05-13 00:00:00;PM UBAI;18.017.459/0001-63;1261;SEE;SECRETARIA DE ESTADO DE EDUCACAO;42;AUXILIOS;1;AUXILIOS;10;RECURSOS ORDINARIOS - RECURSOS NAO VINCULADOS DE IMPOSTOS;564312,55;564312,55;564312,55
9502082;988;2026-05-13 00:00:00;PM VARZEA DA PALMA;18.279.059/0001-26;1261;SEE;SECRETARIA DE ESTADO DE EDUCACAO;42;AUXILIOS;1;AUXILIOS;10;RECURSOS ORDINARIOS - RECURSOS NAO VINCULADOS DE IMPOSTOS;879783,5;879783,5;879783,5
9502083;989;2026-05-13 00:00:00;PM ALPERCATA;18.332.627/0001-05;1261;SEE;SECRETARIA DE ESTADO DE EDUCACAO;42;AUXILIOS;1;AUXILIOS;10;RECURSOS ORDINARIOS - RECURSOS NAO VINCULADOS DE IMPOSTOS;1280144,0;1280144,0;1280144,0
9502084;990;2026-05-13 00:00:00;PM CARMO DO CAJURU;18.291.377/0001-02;1261;SEE;SECRETARIA DE ESTADO DE EDUCACAO;42;AUXILIOS;1;AUXILIOS;10;RECURSOS ORDINARIOS - RECURSOS NAO VINCULADOS DE IMPOSTOS;357006,38;357006,38;357006,38
9502085;991;2026-05-13 00:00:00;PM SAO BRAS DO SUACUI;20.356.754/0001-96;1261;SEE;SECRETARIA DE ESTADO DE EDUCACAO;42;AUXILIOS;1;AUXILIOS;10;RECURSOS ORDINARIOS - RECURSOS NAO VINCULADOS DE IMPOSTOS;564312,55;564312,55;564312,55
9502086;992;2026-05-13 00:00:00;PM FRUTAL;18.449.132/0001-60;1261;SEE;SECRETARIA DE ESTADO DE EDUCACAO;42;AUXILIOS;1;AUXILIOS;10;RECURSOS ORDINARIOS - RECURSOS NAO VINCULADOS DE IMPOSTOS;2875518,81;2875518,81;2875518,81
9502087;993;2026-05-13 00:00:00;PM CARBONITA;21.154.174/0001-89;1261;SEE;SECRETARIA DE ESTADO DE EDUCACAO;42;AUXILIOS;1;AUXILIOS;10;RECURSOS ORDINARIOS - RECURSOS NAO VINCULADOS DE IMPOSTOS;564312,55;564312,55;564312,55
9502088;994;2026-05-13 00:00:00;PM VIRGOLANDIA;18.409.185/0001-58;1261;SEE;SECRETARIA DE ESTADO DE EDUCACAO;42;AUXILIOS;1;AUXILIOS;10;RECURSOS ORDINARIOS - RECURSOS NAO VINCULADOS DE IMPOSTOS;721225,0;721225,0;721225,0
9502089;995;2026-05-13 00:00:00;PM ABADIA DOS DOURADOS;18.593.111/0001-14;1261;SEE;SECRETARIA DE ESTADO DE EDUCACAO;42;AUXILIOS;1;AUXILIOS;10;RECURSOS ORDINARIOS - RECURSOS NAO VINCULADOS DE IMPOSTOS;324048,01;324048,01;324048,01
9502090;996;2026-05-13 00:00:00;PM ATALEIA;16.971.376/0001-83;1261;SEE;SECRETARIA DE ESTADO DE EDUCACAO;42;AUXILIOS;1;AUXILIOS;10;RECURSOS ORDINARIOS - RECURSOS NAO VINCULADOS DE IMPOSTOS;1081837,5;1081837,5;1081837,5
9502091;997;2026-05-13 00:00:00;PM ARCEBURGO;17.899.717/0001-10;1261;SEE;SECRETARIA DE ESTADO DE EDUCACAO;42;AUXILIOS;1;AUXILIOS;10;RECURSOS ORDINARIOS - RECURSOS NAO VINCULADOS DE IMPOSTOS;1293144,0;1293144,0;1293144,0
9502092;998;2026-05-13 00:00:00;PM BONITO DE MINAS;01.612.493/0001-83;1261;SEE;SECRETARIA DE ESTADO DE EDUCACAO;42;AUXILIOS;1;AUXILIOS;10;RECURSOS ORDINARIOS - RECURSOS NAO VINCULADOS DE IMPOSTOS;519171,0;519171,0;519171,0
9502093;999;2026-05-13 00:00:00;PM BRASILANDIA DE MINAS;01.602.009/0001-35;1261;SEE;SECRETARIA DE ESTADO DE EDUCACAO;42;AUXILIOS;1;AUXILIOS;10;RECURSOS ORDINARIOS - RECURSOS NAO VINCULADOS DE IMPOSTOS;519171,0;519171,0;519171,0
9502094;1000;2026-05-13 00:00:00;PM VISCONDE DO RIO BRANCO;18.137.927/0001-33;1261;SEE;SECRETARIA DE ESTADO DE EDUCACAO;42;AUXILIOS;1;AUXILIOS;10;RECURSOS ORDINARIOS - RECURSOS NAO VINCULADOS DE IMPOSTOS;1293144,0;1293144,0;1293144,0
9502095;1001;2026-05-13 00:00:00;PM MARIANA;18.295.303/0001-44;1261;SEE;SECRETARIA DE ESTADO DE EDUCACAO;42;AUXILIOS;1;AUXILIOS;10;RECURSOS ORDINARIOS - RECURSOS NAO VINCULADOS DE IMPOSTOS;500000,0;500000,0;500000,0
9502096;1002;2026-05-13 00:00:00;PM PERIQUITO;01.613.077/0001-08;1261;SEE;SECRETARIA DE ESTADO DE EDUCACAO;42;AUXILIOS;1;AUXILIOS;10;RECURSOS ORDINARIOS - RECURSOS NAO VINCULADOS DE IMPOSTOS;100000,0;100000,0;100000,0
9502097;1003;2026-05-13 00:00:00;PM CATAS ALTAS DA NORUEGA;19.718.378/0001-53;1261;SEE;SECRETARIA DE ESTADO DE EDUCACAO;42;AUXILIOS;1;AUXILIOS;10;RECURSOS ORDINARIOS - RECURSOS NAO VINCULADOS DE IMPOSTOS;200000,0;200000,0;200000,0
9502098;1004;2026-05-13 00:00:00;PM ALVINOPOLIS;16.725.392/0001-96;1261;SEE;SECRETARIA DE ESTADO DE EDUCACAO;42;AUXILIOS;1;AUXILIOS;10;RECURSOS ORDINARIOS - RECURSOS NAO VINCULADOS DE IMPOSTOS;360612,5;360612,5;360612,5
9502099;1005;2026-05-13 00:00:00;PM SILVEIRANIA;17.744.558/0001-84;1261;SEE;SECRETARIA DE ESTADO DE EDUCACAO;42;AUXILIOS;1;AUXILIOS;10;RECURSOS ORDINARIOS - RECURSOS NAO VINCULADOS DE IMPOSTOS;879783,5;879783,5;879783,5
9502100;1006;2026-05-13 00:00:00;PM TEIXEIRAS;18.134.056/0001-02;1261;SEE;SECRETARIA DE ESTADO DE EDUCACAO;42;AUXILIOS;1;AUXILIOS;10;RECURSOS ORDINARIOS - RECURSOS NAO VINCULADOS DE IMPOSTOS;679580,0;679580,0;679580,0
9502101;1007;2026-05-13 00:00:00;PM MONTE FORMOSO;01.615.007/0001-80;1261;SEE;SECRETARIA DE ESTADO DE EDUCACAO;42;AUXILIOS;1;AUXILIOS;10;RECURSOS ORDINARIOS - RECURSOS NAO VINCULADOS DE IMPOSTOS;350000,0;350000,0;350000,0
9502102;1008;2026-05-13 00:00:00;PM PIRAPORA;23.539.463/0001-21;1261;SEE;SECRETARIA DE ESTADO DE EDUCACAO;42;AUXILIOS;1;AUXILIOS;10;RECURSOS ORDINARIOS - RECURSOS NAO VINCULADOS DE IMPOSTOS;100000,0;100000,0;100000,0
9502103;1009;2026-05-13 00:00:00;PM EUGENOPOLIS;17.947.656/0001-19;1261;SEE;SECRETARIA DE ESTADO DE EDUCACAO;42;AUXILIOS;1;AUXILIOS;10;RECURSOS ORDINARIOS - RECURSOS NAO VINCULADOS DE IMPOSTOS;360612,5;360612,5;360612,5
9502104;1010;2026-05-13 00:00:00;PM IBIRACI;17.894.072/0001-22;1261;SEE;SECRETARIA DE ESTADO DE EDUCACAO;42;AUXILIOS;1;AUXILIOS;10;RECURSOS ORDINARIOS - RECURSOS NAO VINCULADOS DE IMPOSTOS;1198751,0;1198751,0;1198751,0
9502105;1011;2026-05-13 00:00:00;PM DOURADOQUARA;18.158.261/0001-08;1261;SEE;SECRETARIA DE ESTADO DE EDUCACAO;42;AUXILIOS;1;AUXILIOS;10;RECURSOS ORDINARIOS - RECURSOS NAO VINCULADOS DE IMPOSTOS;100000,0;100000,0;100000,0
9502106;1012;2026-05-13 00:00:00;PM ITUTINGA;18.244.384/0001-53;1261;SEE;SECRETARIA DE ESTADO DE EDUCACAO;42;AUXILIOS;1;AUXILIOS;10;RECURSOS ORDINARIOS - RECURSOS NAO VINCULADOS DE IMPOSTOS;1405885,51;1405885,51;1405885,51
9502107;1013;2026-05-13 00:00:00;PM AIURUOCA;18.008.896/0001-10;1261;SEE;SECRETARIA DE ESTADO DE EDUCACAO;42;AUXILIOS;1;AUXILIOS;10;RECURSOS ORDINARIOS - RECURSOS NAO VINCULADOS DE IMPOSTOS;1293144,0;1293144,0;1293144,0
9502108;636;2026-05-13 00:00:00;PM SENHORA DE OLIVEIRA;23.515.703/0001-58;1261;SEE;SECRETARIA DE ESTADO DE EDUCACAO;42;AUXILIOS;1;AUXILIOS;10;RECURSOS ORDINARIOS - RECURSOS NAO VINCULADOS DE IMPOSTOS;879783,5;879783,5;879783,5
9502109;1014;2026-05-13 00:00:00;PM CARANAIBA;18.094.789/0001-52;1261;SEE;SECRETARIA DE ESTADO DE EDUCACAO;42;AUXILIOS;1;AUXILIOS;10;RECURSOS ORDINARIOS - RECURSOS NAO VINCULADOS DE IMPOSTOS;360612,5;360612,5;360612,5
9502110;1015;2026-05-13 00:00:00;PM CAREACU;17.935.388/0001-15;1261;SEE;SECRETARIA DE ESTADO DE EDUCACAO;42;AUXILIOS;1;AUXILIOS;10;RECURSOS ORDINARIOS - RECURSOS NAO VINCULADOS DE IMPOSTOS;1165743,0;1165743,0;1165743,0
9502111;1016;2026-05-13 00:00:00;PM ALTEROSA;18.243.238/0001-03;1261;SEE;SECRETARIA DE ESTADO DE EDUCACAO;42;AUXILIOS;1;AUXILIOS;10;RECURSOS ORDINARIOS - RECURSOS NAO VINCULADOS DE IMPOSTOS;500000,0;500000,0;500000,0
9502112;1017;2026-05-13 00:00:00;PM ANTONIO CARLOS;18.094.763/0001-04;1261;SEE;SECRETARIA DE ESTADO DE EDUCACAO;42;AUXILIOS;1;AUXILIOS;10;RECURSOS ORDINARIOS - RECURSOS NAO VINCULADOS DE IMPOSTOS;1293144,0;1293144,0;1293144,0
9502117;195;2026-04-17 00:00:00;PM HELIODORA;18.712.133/0001-56;1301;SEINFRA;SECRETARIA DE ESTADO DE INFRAESTRUTURA, MOBILIDADE E PARCERIAS;42;AUXILIOS;1;AUXILIOS;15;RECURSOS ORDINARIOS - OUTROS RECURSOS NAO VINCULADOS;1414029,97;1414029,97;1414029,97
9502121;86;2026-04-17 00:00:00;PM DORES DE GUANHAES;18.307.413/0001-89;1231;SEAPA;SECRETARIA DE ESTADO DE AGRICULTURA, PECUARIA E ABASTECIMENTO;41;CONTRIBUICOES;1;CONTRIBUICOES;15;RECURSOS ORDINARIOS - OUTROS RECURSOS NAO VINCULADOS;517968,0;517968,0;517968,0
9502123;1018;2026-05-13 00:00:00;PM ITAMONTE;18.666.750/0001-62;1261;SEE;SECRETARIA DE ESTADO DE EDUCACAO;42;AUXILIOS;1;AUXILIOS;10;RECURSOS ORDINARIOS - RECURSOS NAO VINCULADOS DE IMPOSTOS;360612,5;360612,5;360612,5
9502124;1256;2026-05-13 00:00:00;PM LEME DO PRADO;01.587.109/0001-30;1261;SEE;SECRETARIA DE ESTADO DE EDUCACAO;42;AUXILIOS;1;AUXILIOS;10;RECURSOS ORDINARIOS - RECURSOS NAO VINCULADOS DE IMPOSTOS;500000,0;500000,0;500000,0
9502125;1019;2026-05-13 00:00:00;PM RIACHO DOS MACHADOS;16.925.208/0001-51;1261;SEE;SECRETARIA DE ESTADO DE EDUCACAO;42;AUXILIOS;1;AUXILIOS;10;RECURSOS ORDINARIOS - RECURSOS NAO VINCULADOS DE IMPOSTOS;1055000,0;1055000,0;1055000,0
9502126;1020;2026-05-13 00:00:00;PM ERVALIA;18.133.306/0001-81;1261;SEE;SECRETARIA DE ESTADO DE EDUCACAO;42;AUXILIOS;1;AUXILIOS;10;RECURSOS ORDINARIOS - RECURSOS NAO VINCULADOS DE IMPOSTOS;679580,0;679580,0;679580,0
9502128;1021;2026-05-13 00:00:00;PM CAMPOS ALTOS;18.298.190/0001-30;1261;SEE;SECRETARIA DE ESTADO DE EDUCACAO;42;AUXILIOS;1;AUXILIOS;10;RECURSOS ORDINARIOS - RECURSOS NAO VINCULADOS DE IMPOSTOS;721225,0;721225,0;721225,0
9502129;1022;2026-05-13 00:00:00;PM JOSE GONCALVES DE MINAS;01.613.372/0001-56;1261;SEE;SECRETARIA DE ESTADO DE EDUCACAO;42;AUXILIOS;1;AUXILIOS;10;RECURSOS ORDINARIOS - RECURSOS NAO VINCULADOS DE IMPOSTOS;519171,0;519171,0;519171,0
9502130;1023;2026-05-13 00:00:00;PM LAGOA DOS PATOS;16.901.381/0001-10;1261;SEE;SECRETARIA DE ESTADO DE EDUCACAO;42;AUXILIOS;1;AUXILIOS;10;RECURSOS ORDINARIOS - RECURSOS NAO VINCULADOS DE IMPOSTOS;1326152,0;1326152,0;1326152,0
9502131;1024;2026-05-13 00:00:00;PM PAINS;20.920.575/0001-30;1261;SEE;SECRETARIA DE ESTADO DE EDUCACAO;42;AUXILIOS;1;AUXILIOS;10;RECURSOS ORDINARIOS - RECURSOS NAO VINCULADOS DE IMPOSTOS;1240396,0;1240396,0;1240396,0
9502132;194;2026-04-17 00:00:00;PM LEME DO PRADO;01.587.109/0001-30;1301;SEINFRA;SECRETARIA DE ESTADO DE INFRAESTRUTURA, MOBILIDADE E PARCERIAS;42;AUXILIOS;1;AUXILIOS;15;RECURSOS ORDINARIOS - OUTROS RECURSOS NAO VINCULADOS;500000,0;500000,0;500000,0
9502133;1025;2026-05-13 00:00:00;PM SAO JOAO DA MATA;17.935.206/0001-06;1261;SEE;SECRETARIA DE ESTADO DE EDUCACAO;42;AUXILIOS;1;AUXILIOS;10;RECURSOS ORDINARIOS - RECURSOS NAO VINCULADOS DE IMPOSTOS;519171,0;519171,0;519171,0
9502134;1026;2026-05-13 00:00:00;PM TOMBOS;18.114.223/0001-45;1261;SEE;SECRETARIA DE ESTADO DE EDUCACAO;42;AUXILIOS;1;AUXILIOS;10;RECURSOS ORDINARIOS - RECURSOS NAO VINCULADOS DE IMPOSTOS;360612,5;360612,5;360612,5
9502135;1027;2026-05-13 00:00:00;PM ITAJUBA;18.025.940/0001-09;1261;SEE;SECRETARIA DE ESTADO DE EDUCACAO;42;AUXILIOS;1;AUXILIOS;10;RECURSOS ORDINARIOS - RECURSOS NAO VINCULADOS DE IMPOSTOS;2000000,0;2000000,0;2000000,0
9502136;1028;2026-05-13 00:00:00;PM CARBONITA;21.154.174/0001-89;1261;SEE;SECRETARIA DE ESTADO DE EDUCACAO;42;AUXILIOS;1;AUXILIOS;10;RECURSOS ORDINARIOS - RECURSOS NAO VINCULADOS DE IMPOSTOS;360612,5;360612,5;360612,5
9502137;10;2026-04-15 00:00:00;PM PLANURA;18.449.157/0001-64;1491;SEGOV;SECRETARIA DE ESTADO DE GOVERNO;42;AUXILIOS;1;AUXILIOS;15;RECURSOS ORDINARIOS - OUTROS RECURSOS NAO VINCULADOS;357006,37;357006,37;357006,37
9502138;11;2026-04-15 00:00:00;PM PLANURA;18.449.157/0001-64;1491;SEGOV;SECRETARIA DE ESTADO DE GOVERNO;42;AUXILIOS;1;AUXILIOS;15;RECURSOS ORDINARIOS - OUTROS RECURSOS NAO VINCULADOS;149820,0;149820,0;149820,0
9502139;1029;2026-05-13 00:00:00;PM CRUZILIA;18.008.904/0001-29;1261;SEE;SECRETARIA DE ESTADO DE EDUCACAO;42;AUXILIOS;1;AUXILIOS;10;RECURSOS ORDINARIOS - RECURSOS NAO VINCULADOS DE IMPOSTOS;721225,0;721225,0;721225,0
9502140;1030;2026-05-13 00:00:00;PM DORESOPOLIS;18.306.647/0001-01;1261;SEE;SECRETARIA DE ESTADO DE EDUCACAO;42;AUXILIOS;1;AUXILIOS;10;RECURSOS ORDINARIOS - RECURSOS NAO VINCULADOS DE IMPOSTOS;1165743,0;1165743,0;1165743,0
9502141;12;2026-04-15 00:00:00;PM PORTEIRINHA;18.013.326/0001-19;1491;SEGOV;SECRETARIA DE ESTADO DE GOVERNO;42;AUXILIOS;1;AUXILIOS;15;RECURSOS ORDINARIOS - OUTROS RECURSOS NAO VINCULADOS;1000000,0;1000000,0;1000000,0
9502142;1031;2026-05-13 00:00:00;PM PAPAGAIOS;18.313.866/0001-18;1261;SEE;SECRETARIA DE ESTADO DE EDUCACAO;42;AUXILIOS;1;AUXILIOS;10;RECURSOS ORDINARIOS - RECURSOS NAO VINCULADOS DE IMPOSTOS;1293144,0;1293144,0;1293144,0
9502143;1032;2026-05-13 00:00:00;PM PASSA TEMPO;18.039.503/0001-36;1261;SEE;SECRETARIA DE ESTADO DE EDUCACAO;42;AUXILIOS;1;AUXILIOS;10;RECURSOS ORDINARIOS - RECURSOS NAO VINCULADOS DE IMPOSTOS;324048,01;324048,01;324048,01
9502161;1033;2026-05-13 00:00:00;PM PEDRA BONITA;01.640.429/0001-06;1261;SEE;SECRETARIA DE ESTADO DE EDUCACAO;42;AUXILIOS;1;AUXILIOS;10;RECURSOS ORDINARIOS - RECURSOS NAO VINCULADOS DE IMPOSTOS;879783,5;879783,5;879783,5
9502162;1034;2026-05-13 00:00:00;PM SAO VICENTE DE MINAS;17.954.546/0001-84;1261;SEE;SECRETARIA DE ESTADO DE EDUCACAO;42;AUXILIOS;1;AUXILIOS;10;RECURSOS ORDINARIOS - RECURSOS NAO VINCULADOS DE IMPOSTOS;646572,0;646572,0;646572,0
9502163;1035;2026-05-13 00:00:00;PM POTE;18.404.970/0001-18;1261;SEE;SECRETARIA DE ESTADO DE EDUCACAO;42;AUXILIOS;1;AUXILIOS;10;RECURSOS ORDINARIOS - RECURSOS NAO VINCULADOS DE IMPOSTOS;640106,28;640106,28;640106,28
9502164;1036;2026-05-13 00:00:00;PM JECEABA;20.356.739/0001-48;1261;SEE;SECRETARIA DE ESTADO DE EDUCACAO;42;AUXILIOS;1;AUXILIOS;10;RECURSOS ORDINARIOS - RECURSOS NAO VINCULADOS DE IMPOSTOS;924925,05;924925,05;924925,05
9502165;1037;2026-05-13 00:00:00;PM CAMPANARIO;18.404.905/0001-92;1261;SEE;SECRETARIA DE ESTADO DE EDUCACAO;42;AUXILIOS;1;AUXILIOS;10;RECURSOS ORDINARIOS - RECURSOS NAO VINCULADOS DE IMPOSTOS;519171,0;519171,0;519171,0
9502166;1038;2026-05-13 00:00:00;PM LAMIM;24.179.426/0001-12;1261;SEE;SECRETARIA DE ESTADO DE EDUCACAO;42;AUXILIOS;1;AUXILIOS;10;RECURSOS ORDINARIOS - RECURSOS NAO VINCULADOS DE IMPOSTOS;519171,0;519171,0;519171,0
9502167;1039;2026-05-13 00:00:00;PM JURAMENTO;18.017.368/0001-28;1261;SEE;SECRETARIA DE ESTADO DE EDUCACAO;42;AUXILIOS;1;AUXILIOS;10;RECURSOS ORDINARIOS - RECURSOS NAO VINCULADOS DE IMPOSTOS;801000,0;801000,0;801000,0
9502168;1219;2026-05-13 00:00:00;PM BONFIM;18.363.945/0001-33;1261;SEE;SECRETARIA DE ESTADO DE EDUCACAO;42;AUXILIOS;1;AUXILIOS;10;RECURSOS ORDINARIOS - RECURSOS NAO VINCULADOS DE IMPOSTOS;500000,0;500000,0;500000,0
9502169;1040;2026-05-13 00:00:00;PM VEREDINHA;01.614.685/0001-29;1261;SEE;SECRETARIA DE ESTADO DE EDUCACAO;42;AUXILIOS;1;AUXILIOS;10;RECURSOS ORDINARIOS - RECURSOS NAO VINCULADOS DE IMPOSTOS;519171,0;519171,0;519171,0
9502654;88;2026-04-17 00:00:00;PM ICARAI DE MINAS;25.224.304/0001-63;1231;SEAPA;SECRETARIA DE ESTADO DE AGRICULTURA, PECUARIA E ABASTECIMENTO;41;CONTRIBUICOES;1;CONTRIBUICOES;10;RECURSOS ORDINARIOS - RECURSOS NAO VINCULADOS DE IMPOSTOS;500000,0;500000,0;500000,0
9502656;87;2026-04-17 00:00:00;PM FELICIO DOS SANTOS;17.754.201/0001-87;1231;SEAPA;SECRETARIA DE ESTADO DE AGRICULTURA, PECUARIA E ABASTECIMENTO;41;CONTRIBUICOES;1;CONTRIBUICOES;10;RECURSOS ORDINARIOS - RECURSOS NAO VINCULADOS DE IMPOSTOS;150000,0;150000,0;150000,0
9502667;13;2026-04-17 00:00:00;PM OLHOS-D'AGUA;01.612.547/0001-00;1491;SEGOV;SECRETARIA DE ESTADO DE GOVERNO;42;AUXILIOS;1;AUXILIOS;15;RECURSOS ORDINARIOS - OUTROS RECURSOS NAO VINCULADOS;466527,6;466527,6;466527,6
9502668;847;2026-05-13 00:00:00;PM BALDIM;18.116.129/0001-25;1261;SEE;SECRETARIA DE ESTADO DE EDUCACAO;42;AUXILIOS;1;AUXILIOS;10;RECURSOS ORDINARIOS - RECURSOS NAO VINCULADOS DE IMPOSTOS;800910,07;800910,07;800910,07
9502669;1041;2026-05-13 00:00:00;PM ENTRE FOLHAS;66.229.626/0001-82;1261;SEE;SECRETARIA DE ESTADO DE EDUCACAO;42;AUXILIOS;1;AUXILIOS;10;RECURSOS ORDINARIOS - RECURSOS NAO VINCULADOS DE IMPOSTOS;500000,0;500000,0;500000,0
9502670;1042;2026-05-13 00:00:00;PM ALMENARA;18.349.894/0001-95;1261;SEE;SECRETARIA DE ESTADO DE EDUCACAO;42;AUXILIOS;1;AUXILIOS;10;RECURSOS ORDINARIOS - RECURSOS NAO VINCULADOS DE IMPOSTOS;500000,0;500000,0;500000,0
9502672;287;2026-05-13 00:00:00;PM ANDRADAS;17.884.412/0001-34;1261;SEE;SECRETARIA DE ESTADO DE EDUCACAO;42;AUXILIOS;1;AUXILIOS;10;RECURSOS ORDINARIOS - RECURSOS NAO VINCULADOS DE IMPOSTOS;1200000,0;1200000,0;1200000,0
9502673;1043;2026-05-13 00:00:00;PM CAMPO AZUL;01.612.551/0001-79;1261;SEE;SECRETARIA DE ESTADO DE EDUCACAO;42;AUXILIOS;1;AUXILIOS;10;RECURSOS ORDINARIOS - RECURSOS NAO VINCULADOS DE IMPOSTOS;801000,0;801000,0;801000,0
9502674;1044;2026-05-13 00:00:00;PM DIOGO DE VASCONCELOS;18.295.311/0001-90;1261;SEE;SECRETARIA DE ESTADO DE EDUCACAO;42;AUXILIOS;1;AUXILIOS;10;RECURSOS ORDINARIOS - RECURSOS NAO VINCULADOS DE IMPOSTOS;1520000,0;1520000,0;1520000,0
9502675;1045;2026-05-13 00:00:00;PM ITABIRINHA;17.125.444/0001-56;1261;SEE;SECRETARIA DE ESTADO DE EDUCACAO;42;AUXILIOS;1;AUXILIOS;10;RECURSOS ORDINARIOS - RECURSOS NAO VINCULADOS DE IMPOSTOS;4999416,55;4999416,55;4999416,55
9503554;204;2026-04-23 00:00:00;PM JANAUBA;18.017.392/0001-67;1301;SEINFRA;SECRETARIA DE ESTADO DE INFRAESTRUTURA, MOBILIDADE E PARCERIAS;42;AUXILIOS;1;AUXILIOS;15;RECURSOS ORDINARIOS - OUTROS RECURSOS NAO VINCULADOS;500000,0;500000,0;500000,0
9503555;203;2026-04-23 00:00:00;PM JANAUBA;18.017.392/0001-67;1301;SEINFRA;SECRETARIA DE ESTADO DE INFRAESTRUTURA, MOBILIDADE E PARCERIAS;42;AUXILIOS;1;AUXILIOS;15;RECURSOS ORDINARIOS - OUTROS RECURSOS NAO VINCULADOS;790000,0;790000,0;790000,0
9503562;14;2026-04-23 00:00:00;PM CORACAO DE JESUS;22.680.672/0001-28;1491;SEGOV;SECRETARIA DE ESTADO DE GOVERNO;42;AUXILIOS;1;AUXILIOS;10;RECURSOS ORDINARIOS - RECURSOS NAO VINCULADOS DE IMPOSTOS;98703,0;98703,0;98703,0
9503574;90;2026-04-23 00:00:00;PM ITAMBE DO MATO DENTRO;18.299.537/0001-60;1231;SEAPA;SECRETARIA DE ESTADO DE AGRICULTURA, PECUARIA E ABASTECIMENTO;41;CONTRIBUICOES;1;CONTRIBUICOES;15;RECURSOS ORDINARIOS - OUTROS RECURSOS NAO VINCULADOS;454333,33;454333,33;454333,33
9503575;95;2026-04-29 00:00:00;PM SETE LAGOAS;24.996.969/0001-22;1231;SEAPA;SECRETARIA DE ESTADO DE AGRICULTURA, PECUARIA E ABASTECIMENTO;41;CONTRIBUICOES;1;CONTRIBUICOES;15;RECURSOS ORDINARIOS - OUTROS RECURSOS NAO VINCULADOS;152286,0;152286,0;152286,0
9503577;15;2026-04-23 00:00:00;PM REDUTO;01.614.977/0001-61;1491;SEGOV;SECRETARIA DE ESTADO DE GOVERNO;42;AUXILIOS;1;AUXILIOS;15;RECURSOS ORDINARIOS - OUTROS RECURSOS NAO VINCULADOS;149820,0;149820,0;149820,0
9503579;16;2026-04-23 00:00:00;PM GURINHATA;18.457.192/0001-25;1491;SEGOV;SECRETARIA DE ESTADO DE GOVERNO;42;AUXILIOS;1;AUXILIOS;15;RECURSOS ORDINARIOS - OUTROS RECURSOS NAO VINCULADOS;500000,0;500000,0;500000,0
9503580;23;2026-04-23 00:00:00;CONSORCIO INTERMUNICIPAL MULTIFINALITARIO PARA O DESENVOLVIMENTO AMBIE;19.193.527/0001-08;1491;SEGOV;SECRETARIA DE ESTADO DE GOVERNO;42;AUXILIOS;1;AUXILIOS;10;RECURSOS ORDINARIOS - RECURSOS NAO VINCULADOS DE IMPOSTOS;98703,0;98703,0;98703,0
9503581;17;2026-04-23 00:00:00;PM SAO JOAO DO ORIENTE;18.338.848/0001-90;1491;SEGOV;SECRETARIA DE ESTADO DE GOVERNO;42;AUXILIOS;1;AUXILIOS;10;RECURSOS ORDINARIOS - RECURSOS NAO VINCULADOS DE IMPOSTOS;149820,0;149820,0;149820,0
9503582;18;2026-04-23 00:00:00;PM SERRA DA SAUDADE;18.301.069/0001-10;1491;SEGOV;SECRETARIA DE ESTADO DE GOVERNO;42;AUXILIOS;1;AUXILIOS;15;RECURSOS ORDINARIOS - OUTROS RECURSOS NAO VINCULADOS;517968,0;517968,0;517968,0
9503583;19;2026-04-23 00:00:00;PM RUBELITA;24.363.590/0001-85;1491;SEGOV;SECRETARIA DE ESTADO DE GOVERNO;42;AUXILIOS;1;AUXILIOS;10;RECURSOS ORDINARIOS - RECURSOS NAO VINCULADOS DE IMPOSTOS;98700,0;98700,0;98700,0
9503585;20;2026-04-23 00:00:00;PM PIRAPORA;23.539.463/0001-21;1491;SEGOV;SECRETARIA DE ESTADO DE GOVERNO;42;AUXILIOS;1;AUXILIOS;10;RECURSOS ORDINARIOS - RECURSOS NAO VINCULADOS DE IMPOSTOS;98703,0;98703,0;98703,0
9503586;21;2026-04-23 00:00:00;PM VIRGINOPOLIS;18.307.512/0001-60;1491;SEGOV;SECRETARIA DE ESTADO DE GOVERNO;42;AUXILIOS;1;AUXILIOS;10;RECURSOS ORDINARIOS - RECURSOS NAO VINCULADOS DE IMPOSTOS;85630,0;85630,0;85630,0
9503587;22;2026-04-23 00:00:00;PM PEDRA DO ANTA;18.133.439/0001-58;1491;SEGOV;SECRETARIA DE ESTADO DE GOVERNO;42;AUXILIOS;1;AUXILIOS;10;RECURSOS ORDINARIOS - RECURSOS NAO VINCULADOS DE IMPOSTOS;85635,0;85635,0;85635,0
9503592;778;2026-05-13 00:00:00;PM SANTO ANTONIO DO RIO ABAIXO;18.303.248/0001-97;1261;SEE;SECRETARIA DE ESTADO DE EDUCACAO;42;AUXILIOS;1;AUXILIOS;10;RECURSOS ORDINARIOS - RECURSOS NAO VINCULADOS DE IMPOSTOS;1055000,0;1055000,0;1055000,0
9503593;1113;2026-05-13 00:00:00;PM POCO FUNDO;18.242.792/0001-76;1261;SEE;SECRETARIA DE ESTADO DE EDUCACAO;42;AUXILIOS;1;AUXILIOS;10;RECURSOS ORDINARIOS - RECURSOS NAO VINCULADOS DE IMPOSTOS;1054644,47;1054644,47;1054644,47
9504046;207;2026-04-24 00:00:00;PM IRAI DE MINAS;18.158.642/0001-89;1301;SEINFRA;SECRETARIA DE ESTADO DE INFRAESTRUTURA, MOBILIDADE E PARCERIAS;42;AUXILIOS;1;AUXILIOS;15;RECURSOS ORDINARIOS - OUTROS RECURSOS NAO VINCULADOS;500000,0;500000,0;500000,0
9504053;3734;2026-05-15 00:00:00;CENTRO BARBACENENSE DE ASSISTENCIA MEDICA E SOCIAL;19.557.487/0001-36;4291;FES;FUNDO ESTADUAL DE SAUDE;42;AUXILIOS;1;AUXILIOS;10;RECURSOS ORDINARIOS - RECURSOS NAO VINCULADOS DE IMPOSTOS;3297780,0;3297780,0;3297780,0
